query_id,query,url,video_id,title
q0004,haus schätzen lassen,https://www.youtube.com/watch?v=9580eaI-AkE&t=118,9580eaI-AkE,Haus bewerten: Brauchen Sie einen teuren Gutachter?
q0005,haus bewerten,https://www.youtube.com/watch?v=LrbE5Wf92TI&t=2,LrbE5Wf92TI,Immobilienwert ermitteln: Die 3 Verfahren & häufigsten ...
q0006,immobilienwert berechnen,https://www.youtube.com/watch?v=Rptf4MMbBlM&t=155,Rptf4MMbBlM,So bestimmst du den Wert deiner Immobilie | Baufi Basics
q0007,hausbewertung,https://www.youtube.com/watch?v=4T2VvGrxics&t=64,4T2VvGrxics,Immobilienbewertung: In 4 Schritten einfach erklärt
q0009,immobilie bewerten lassen,https://www.youtube.com/watch?v=4T2VvGrxics&t=64,4T2VvGrxics,Immobilienbewertung: In 4 Schritten einfach erklärt
q0010,wohnung schätzen lassen,https://www.youtube.com/watch?v=4T2VvGrxics&t=93,4T2VvGrxics,Immobilienbewertung: In 4 Schritten einfach erklärt
q0014,wert einer immobilie ermitteln,https://www.youtube.com/watch?v=LrbE5Wf92TI&t=2,LrbE5Wf92TI,Immobilienwert ermitteln: Die 3 Verfahren & häufigsten ...
q0014,wert einer immobilie ermitteln,https://www.youtube.com/shorts/NlYb0GbVA9Y,NlYb0GbVA9Y,Wie wird der Verkehrswert einer Immobilie ermittelt? ...
q0014,wert einer immobilie ermitteln,https://www.youtube.com/shorts/BCoAKw1truA,BCoAKw1truA,"Sie möchten wissen, was Ihre Immobilie wert ist?"
q0016,immobilienwert schätzen,https://www.youtube.com/watch?v=LrbE5Wf92TI&t=2,LrbE5Wf92TI,Immobilienwert ermitteln: Die 3 Verfahren & häufigsten Fehler erklärt
q0017,marktwert immobilie berechnen,https://www.youtube.com/watch?v=Rptf4MMbBlM&t=155,Rptf4MMbBlM,So bestimmst du den Wert deiner Immobilie | Baufi Basics
q0020,verkehrswert haus berechnen,https://www.youtube.com/watch?v=f-xvoOYB5zI,f-xvoOYB5zI,How to determine the value of a property
q0020,verkehrswert haus berechnen,https://www.youtube.com/shorts/NlYb0GbVA9Y,NlYb0GbVA9Y,Wie wird der Verkehrswert einer Immobilie ermittelt? ...
q0023,schätzung immobilienwert,https://www.youtube.com/watch?v=LrbE5Wf92TI&t=2,LrbE5Wf92TI,Immobilienwert ermitteln: Die 3 Verfahren & häufigsten Fehler erklärt
q0026,eigentumswohnung bewerten,https://www.youtube.com/shorts/BCoAKw1truA,BCoAKw1truA,"Sie möchten wissen, was Ihre Immobilie wert ist?"
q0028,kurzgutachten haus,https://www.youtube.com/watch?v=NFgSJWRNKa4,NFgSJWRNKa4,Der Weg zur professionellen Immobilienbewertung
q0029,verkehrswert haus ermitteln,https://www.youtube.com/watch?v=f-xvoOYB5zI,f-xvoOYB5zI,How to determine the value of a property
q0029,verkehrswert haus ermitteln,https://www.youtube.com/shorts/NlYb0GbVA9Y,NlYb0GbVA9Y,Wie wird der Verkehrswert einer Immobilie ermittelt? ...
q0030,immobilien bewertungstool,https://www.youtube.com/watch?v=Y8LsivXrDaQ,Y8LsivXrDaQ,So ersetzt KI die klassische Immobilienbewertung. Fast alle ...
q0030,immobilien bewertungstool,https://www.youtube.com/shorts/BCoAKw1truA,BCoAKw1truA,"Sie möchten wissen, was Ihre Immobilie wert ist?"
q0031,immobilienbewertung kosten,https://www.youtube.com/watch?v=9580eaI-AkE&t=118,9580eaI-AkE,Haus bewerten: Brauchen Sie einen teuren Gutachter?
q0032,immobilie wert,https://www.youtube.com/watch?v=LrbE5Wf92TI&t=2,LrbE5Wf92TI,Immobilienwert ermitteln: Die 3 Verfahren & häufigsten ...
q0032,immobilie wert,https://www.youtube.com/shorts/NlYb0GbVA9Y,NlYb0GbVA9Y,Wie wird der Verkehrswert einer Immobilie ermittelt? ...
q0033,haus bewerten lassen kosten,https://www.youtube.com/watch?v=9580eaI-AkE&t=118,9580eaI-AkE,Haus bewerten: Brauchen Sie einen teuren Gutachter?
q0034,verkehrswert wohnung ermitteln,https://www.youtube.com/watch?v=Rptf4MMbBlM&t=155,Rptf4MMbBlM,So bestimmst du den Wert deiner Immobilie | Baufi Basics
q0035,vergleichswertverfahren,https://www.youtube.com/watch?v=FnLsjjGd-S8,FnLsjjGd-S8,Bewertung von Einfamilienhaus / Zweifamilienhaus
q0036,wertgutachten haus erbschaft,https://www.youtube.com/watch?v=lDqUowuQw5M,lDqUowuQw5M,Erbschaftsteuer: So wird deine Immobilie bewertet (und so ...
q0039,haus schätzen lassen gutachter,https://www.youtube.com/watch?v=4T2VvGrxics&t=93,4T2VvGrxics,Immobilienbewertung: In 4 Schritten einfach erklärt
q0040,gutachter immobilien kosten,https://www.youtube.com/watch?v=f-xvoOYB5zI&t=393,f-xvoOYB5zI,How to determine the value of a property
q0041,wertgutachten haus erbschaft kosten,https://www.youtube.com/watch?v=-mXGCDQ12zY&t=319,-mXGCDQ12zY,Pflichtteil: Immobilie im Nachlass. Wie wird der Wert ermittelt? Wer trägt die ...
q0043,hausschätzung kosten,https://www.youtube.com/watch?v=9580eaI-AkE&t=118,9580eaI-AkE,Haus bewerten: Brauchen Sie einen teuren Gutachter?
q0045,immobilie bewerten lassen kosten,https://www.youtube.com/watch?v=9580eaI-AkE&t=118,9580eaI-AkE,Haus bewerten: Brauchen Sie einen teuren Gutachter?
q0048,hausbewertung kosten,https://www.youtube.com/watch?v=9580eaI-AkE&t=118,9580eaI-AkE,Haus bewerten: Brauchen Sie einen teuren Gutachter?
q0050,immobiliengutachter kosten,https://www.youtube.com/watch?v=9580eaI-AkE&t=118,9580eaI-AkE,Haus bewerten: Brauchen Sie einen teuren Gutachter?
q0051,immobilienwert bestimmen,https://www.youtube.com/watch?v=3mI_scFJPPI,3mI_scFJPPI,Immobilienwert berechnen
q0051,immobilienwert bestimmen,https://www.youtube.com/shorts/NlYb0GbVA9Y,NlYb0GbVA9Y,Wie wird der Verkehrswert einer Immobilie ermittelt? ...
q0052,wohnung wert schätzen,https://www.youtube.com/shorts/BCoAKw1truA,BCoAKw1truA,"Sie möchten wissen, was Ihre Immobilie wert ist?"
q0052,wohnung wert schätzen,https://www.youtube.com/shorts/NlYb0GbVA9Y,NlYb0GbVA9Y,Wie wird der Verkehrswert einer Immobilie ermittelt? ...
q0057,immobilienschätzung kosten,https://www.youtube.com/watch?v=9580eaI-AkE&t=118,9580eaI-AkE,Haus bewerten: Brauchen Sie einen teuren Gutachter?
q0059,berechnung verkehrswert haus,https://www.youtube.com/watch?v=f-xvoOYB5zI,f-xvoOYB5zI,How to determine the value of a property
q0059,berechnung verkehrswert haus,https://www.youtube.com/shorts/NlYb0GbVA9Y,NlYb0GbVA9Y,Wie wird der Verkehrswert einer Immobilie ermittelt? ...
q0060,marktwert wohnung ermitteln,https://www.youtube.com/watch?v=XVJbxVWXt8k&t=76,XVJbxVWXt8k,Kostenfreier Immobilienwert-Rechner OHNE Angabe ...
q0061,immobilienbewertungssoftware,https://www.youtube.com/watch?v=wYpTiDOcJ3M,wYpTiDOcJ3M,LORA Maklerbewertung | powered by on-geo GmbH
q0062,immobilienwert schätzen lassen,https://www.youtube.com/watch?v=4T2VvGrxics&t=93,4T2VvGrxics,Immobilienbewertung: In 4 Schritten einfach erklärt
q0063,haus verkehrswert berechnen,https://www.youtube.com/watch?v=f-xvoOYB5zI,f-xvoOYB5zI,How to determine the value of a property
q0063,haus verkehrswert berechnen,https://www.youtube.com/shorts/NlYb0GbVA9Y,NlYb0GbVA9Y,Wie wird der Verkehrswert einer Immobilie ermittelt? ...
q0065,verkehrswert wohnung berechnen,https://www.youtube.com/watch?v=f-xvoOYB5zI&t=10,f-xvoOYB5zI,How to determine the value of a property
q0065,verkehrswert wohnung berechnen,https://www.youtube.com/shorts/NlYb0GbVA9Y,NlYb0GbVA9Y,Wie wird der Verkehrswert einer Immobilie ermittelt? ...
q0067,unabhängige immobilienbewertung,https://www.youtube.com/watch?v=9580eaI-AkE&t=118,9580eaI-AkE,Haus bewerten: Brauchen Sie einen teuren Gutachter?
q0069,hedonistische schätzung,https://www.youtube.com/watch?v=g1EL1Y_p-Ic&t=4,g1EL1Y_p-Ic,HEV Zürich Ratgeber: Was versteht man unter einer ...
q0070,wertgutachten wohnung,https://www.youtube.com/watch?v=JD_4Gt9nTGw,JD_4Gt9nTGw,So ermittelt ein Gutachter Immobilienwerte
q0073,kosten wertgutachten haus,https://www.youtube.com/watch?v=TzVR5ww9eaM&t=40,TzVR5ww9eaM,Haus verkaufen Kosten - Was kostet ein Energieausweis?
q0078,kosten immobilienbewertung,https://www.youtube.com/watch?v=9580eaI-AkE&t=118,9580eaI-AkE,Haus bewerten: Brauchen Sie einen teuren Gutachter?
q0084,wert von immobilie ermitteln,https://www.youtube.com/watch?v=gU7GFsBMVcE&t=241,gU7GFsBMVcE,Immobilienwert ermitteln | Baufinanzierung leicht gemacht
q0084,wert von immobilie ermitteln,https://www.youtube.com/shorts/NlYb0GbVA9Y,NlYb0GbVA9Y,Wie wird der Verkehrswert einer Immobilie ermittelt? ...
q0084,wert von immobilie ermitteln,https://www.youtube.com/shorts/BCoAKw1truA,BCoAKw1truA,"Sie möchten wissen, was Ihre Immobilie wert ist?"
q0087,anonyme immobilienbewertung,https://www.youtube.com/watch?v=XVJbxVWXt8k&t=76,XVJbxVWXt8k,Kostenfreier Immobilienwert-Rechner OHNE Angabe ...
q0090,immobilienbewertung ohne persönliche angaben,https://www.youtube.com/watch?v=XVJbxVWXt8k,XVJbxVWXt8k,Kostenfreier Immobilienwert-Rechner OHNE Angabe ...
q0091,wohnungswert schätzen lassen,https://www.youtube.com/watch?v=LrbE5Wf92TI&t=2,LrbE5Wf92TI,Immobilienwert ermitteln: Die 3 Verfahren & häufigsten ...
q0092,mein haus bewerten,https://www.youtube.com/watch?v=LrbE5Wf92TI&t=2,LrbE5Wf92TI,Immobilienwert ermitteln: Die 3 Verfahren & häufigsten ...
q0092,mein haus bewerten,https://www.youtube.com/shorts/BCoAKw1truA,BCoAKw1truA,"Sie möchten wissen, was Ihre Immobilie wert ist?"
q0093,immobilienbewertung mehrfamilienhaus,https://www.youtube.com/watch?v=lDqUowuQw5M,lDqUowuQw5M,So wird deine Immobilie bewertet (und so kann man sparen)
q0095,wohnung bewerten lassen kosten,https://www.youtube.com/watch?v=9580eaI-AkE&t=118,9580eaI-AkE,Haus bewerten: Brauchen Sie einen teuren Gutachter?
q0098,immobilien schätzwert,https://www.youtube.com/watch?v=Rptf4MMbBlM,Rptf4MMbBlM,So bestimmst du den Wert deiner Immobilie | Baufi Basics
q0098,immobilien schätzwert,https://www.youtube.com/shorts/NlYb0GbVA9Y,NlYb0GbVA9Y,Wie wird der Verkehrswert einer Immobilie ermittelt? ...
q0101,haus grundstück wert schätzen,https://www.youtube.com/watch?v=3mI_scFJPPI,3mI_scFJPPI,Immobilienwert berechnen
q0103,immobilienbewertungstool,https://www.youtube.com/watch?v=Y8LsivXrDaQ,Y8LsivXrDaQ,So ersetzt KI die klassische Immobilienbewertung. Fast alle ...
q0103,immobilienbewertungstool,https://www.youtube.com/shorts/BCoAKw1truA,BCoAKw1truA,"Sie möchten wissen, was Ihre Immobilie wert ist?"
q0106,kurzgutachten haus kosten,https://www.youtube.com/watch?v=9580eaI-AkE&t=118,9580eaI-AkE,Haus bewerten: Brauchen Sie einen teuren Gutachter?
q0107,gutachten immobilienwert,https://www.youtube.com/watch?v=6y_6D7eIBRg&t=279,6y_6D7eIBRg,So wird der Wert einer Immobilie richtig ermittelt
q0110,immobilienbewertung tool,https://www.youtube.com/watch?v=Y8LsivXrDaQ,Y8LsivXrDaQ,So ersetzt KI die klassische Immobilienbewertung. Fast alle ...
q0110,immobilienbewertung tool,https://www.youtube.com/shorts/BCoAKw1truA,BCoAKw1truA,"Sie möchten wissen, was Ihre Immobilie wert ist?"
q0111,verkehrswert eigentumswohnung ermitteln,https://www.youtube.com/shorts/NlYb0GbVA9Y,NlYb0GbVA9Y,Wie wird der Verkehrswert einer Immobilie ermittelt? ...
q0111,verkehrswert eigentumswohnung ermitteln,https://www.youtube.com/watch?v=Rptf4MMbBlM&t=155,Rptf4MMbBlM,So bestimmst du den Wert deiner Immobilie | Baufi Basics
q0115,verkehrswert haus schätzen,https://www.youtube.com/shorts/NlYb0GbVA9Y,NlYb0GbVA9Y,Wie wird der Verkehrswert einer Immobilie ermittelt? ...
q0115,verkehrswert haus schätzen,https://www.youtube.com/watch?v=f-xvoOYB5zI&t=393,f-xvoOYB5zI,How to determine the value of a property
q0121,haus verkehrswert ermitteln,https://www.youtube.com/watch?v=f-xvoOYB5zI,f-xvoOYB5zI,How to determine the value of a property
q0121,haus verkehrswert ermitteln,https://www.youtube.com/shorts/NlYb0GbVA9Y,NlYb0GbVA9Y,Wie wird der Verkehrswert einer Immobilie ermittelt? ...
q0126,gutachter für immobilien kosten,https://www.youtube.com/watch?v=WMpK_R_iAKM,WMpK_R_iAKM,Was kostet ein Baugutachter
q0127,verkehrswert ermitteln haus,https://www.youtube.com/watch?v=f-xvoOYB5zI,f-xvoOYB5zI,How to determine the value of a property
q0127,verkehrswert ermitteln haus,https://www.youtube.com/shorts/NlYb0GbVA9Y,NlYb0GbVA9Y,Wie wird der Verkehrswert einer Immobilie ermittelt? ...
q0128,immobilienbewertung für makler,https://www.youtube.com/watch?v=LrbE5Wf92TI&t=2,LrbE5Wf92TI,Immobilienwert ermitteln: Die 3 Verfahren & häufigsten ...
q0128,immobilienbewertung für makler,https://www.youtube.com/shorts/BCoAKw1truA,BCoAKw1truA,"Sie möchten wissen, was Ihre Immobilie wert ist?"
q0129,wertgutachten grundstück,https://www.youtube.com/watch?v=lDqUowuQw5M&t=180,lDqUowuQw5M,So wird deine Immobilie bewertet (und so kann man sparen)
q0130,immobilienbewertung schenkung,https://www.youtube.com/watch?v=k20NWUux7jQ&t=307,k20NWUux7jQ,Immobilie schenken ohne Steuer - Nießbrauch richtig berechnen!
q0131,wohnung wert schätzen lassen,https://www.youtube.com/watch?v=LrbE5Wf92TI&t=2,LrbE5Wf92TI,Immobilienwert ermitteln: Die 3 Verfahren & häufigsten ...
q0136,verkehrswert eines hauses ermitteln,https://www.youtube.com/watch?v=f-xvoOYB5zI,f-xvoOYB5zI,How to determine the value of a property
q0136,verkehrswert eines hauses ermitteln,https://www.youtube.com/shorts/NlYb0GbVA9Y,NlYb0GbVA9Y,Wie wird der Verkehrswert einer Immobilie ermittelt? ...
q0137,wertgutachten wohnung kosten,https://www.youtube.com/watch?v=zQgPnnVetjs,zQgPnnVetjs,Das sollte man wissen! - Sachverständiger Matthias Mertens
q0142,haus wertgutachten kosten,https://www.youtube.com/watch?v=WMpK_R_iAKM,WMpK_R_iAKM,Was kostet ein Baugutachter
q0143,grundstücke bewerten,https://www.youtube.com/watch?v=m8f0Gxi9vhw&t=8,m8f0Gxi9vhw,Einführung in die Immobilienbewertung
q0145,schätzung verkehrswert immobilie,https://www.youtube.com/shorts/drSeNonaZ8M,drSeNonaZ8M,Was besagt der Verkehrswert einer Immobilie ...
q0146,verkehrswertgutachten haus,https://www.youtube.com/watch?v=_aFi6lxlgzY&t=58,_aFi6lxlgzY,teure Fehler beim Verkehrswertgutachten | Ton Steine ...
q0147,haus schätzen wert,https://www.youtube.com/watch?v=gU7GFsBMVcE&t=241,gU7GFsBMVcE,Immobilienwert ermitteln | Baufinanzierung leicht gemacht
q0152,verkehrswert einer wohnung berechnen,https://www.youtube.com/watch?v=IYFKgHc1nwI,IYFKgHc1nwI,Ganz einfach Immobilienwert berechnen ...
q0152,verkehrswert einer wohnung berechnen,https://www.youtube.com/shorts/NlYb0GbVA9Y,NlYb0GbVA9Y,Wie wird der Verkehrswert einer Immobilie ermittelt? ...
q0153,verkehrswertgutachten haus kosten,https://www.youtube.com/watch?v=9580eaI-AkE&t=118,9580eaI-AkE,Haus bewerten: Brauchen Sie einen teuren Gutachter?
q0154,verkehrswert vom haus ermitteln,https://www.youtube.com/watch?v=f-xvoOYB5zI,f-xvoOYB5zI,How to determine the value of a property
q0154,verkehrswert vom haus ermitteln,https://www.youtube.com/shorts/NlYb0GbVA9Y,NlYb0GbVA9Y,Wie wird der Verkehrswert einer Immobilie ermittelt? ...
q0156,immobilienbewertung makler,https://www.youtube.com/watch?v=LrbE5Wf92TI&t=2,LrbE5Wf92TI,Immobilienwert ermitteln: Die 3 Verfahren & häufigsten ...
q0157,immobiliengutachten erbschaft,https://www.youtube.com/watch?v=L6TK5Y_PWfw,L6TK5Y_PWfw,Property valuation in inheritance tax: Proof of a lower value by an expert.
q0158,öffentlich bestellter und vereidigter sachverständiger immobilien münchen,https://www.youtube.com/watch?v=39Jvw3IMwtA&t=49,39Jvw3IMwtA,Öffentlich bestellte oder zertifizierte ...
q0159,verkehrswert eines hauses berechnen,https://www.youtube.com/watch?v=f-xvoOYB5zI,f-xvoOYB5zI,How to determine the value of a property
q0159,verkehrswert eines hauses berechnen,https://www.youtube.com/shorts/NlYb0GbVA9Y,NlYb0GbVA9Y,Wie wird der Verkehrswert einer Immobilie ermittelt? ...
q0160,immobilie bewerten erbschaft,https://www.youtube.com/watch?v=9cVihfikNMI&t=37,9cVihfikNMI,Valuation of real estate for gift and inheritance tax since 2023
q0161,hauswert ermitteln gutachter,https://www.youtube.com/watch?v=JD_4Gt9nTGw,JD_4Gt9nTGw,So ermittelt ein Gutachter Immobilienwerte
q0162,grundstücke schätzen lassen,https://www.youtube.com/watch?v=9580eaI-AkE&t=118,9580eaI-AkE,Haus bewerten: Brauchen Sie einen teuren Gutachter?
q0163,wert einer wohnung schätzen,https://www.youtube.com/watch?v=IYFKgHc1nwI,IYFKgHc1nwI,Ganz einfach Immobilienwert berechnen ...
q0164,tool immobilienbewertung,https://www.youtube.com/watch?v=Y8LsivXrDaQ,Y8LsivXrDaQ,So ersetzt KI die klassische Immobilienbewertung. Fast alle ...
q0164,tool immobilienbewertung,https://www.youtube.com/shorts/BCoAKw1truA,BCoAKw1truA,"Sie möchten wissen, was Ihre Immobilie wert ist?"
q0166,immobilienbewertung im erbfall,https://www.youtube.com/watch?v=9cVihfikNMI&t=37,9cVihfikNMI,Valuation of real estate for gift and inheritance tax since 2023
q0167,staatlich geprüfter gutachter immobilien,https://www.youtube.com/watch?v=HXBoT6ZnfWI&t=49,HXBoT6ZnfWI,Wie werde ich Sachverständige:r für Immobilienbewertung?
q0169,wertermittlung immobilie kosten,https://www.youtube.com/watch?v=LrbE5Wf92TI&t=2,LrbE5Wf92TI,Immobilienwert ermitteln: Die 3 Verfahren & häufigsten ...
q0171,verkehrswertgutachten erbschaft,https://www.youtube.com/watch?v=L6TK5Y_PWfw&t=26,L6TK5Y_PWfw,Property valuation in inheritance tax: Proof of a lower value by an expert.
q0173,hausschätzung erbe,https://www.youtube.com/watch?v=-mXGCDQ12zY&t=142,-mXGCDQ12zY,Pflichtteil: Immobilie im Nachlass. Wie wird der Wert ...
q0179,verkehrswert haus bestimmen,https://www.youtube.com/watch?v=f-xvoOYB5zI,f-xvoOYB5zI,How to determine the value of a property
q0179,verkehrswert haus bestimmen,https://www.youtube.com/shorts/NlYb0GbVA9Y,NlYb0GbVA9Y,Wie wird der Verkehrswert einer Immobilie ermittelt? ...
q0180,immobilienbewertung vor ort,https://www.youtube.com/watch?v=LrbE5Wf92TI&t=2,LrbE5Wf92TI,Immobilienwert ermitteln: Die 3 Verfahren & häufigsten ...
q0180,immobilienbewertung vor ort,https://www.youtube.com/shorts/NlYb0GbVA9Y,NlYb0GbVA9Y,Wie wird der Verkehrswert einer Immobilie ermittelt? ...
q0182,gutachten verkehrswert immobilie,https://www.youtube.com/watch?v=zQgPnnVetjs,zQgPnnVetjs,Das sollte man wissen! - Sachverständiger Matthias Mertens
q0183,neutrale immobilienbewertung,https://www.youtube.com/watch?v=LrbE5Wf92TI&t=2,LrbE5Wf92TI,Immobilienwert ermitteln: Die 3 Verfahren & häufigsten ...
q0188,staatlich anerkannter immobiliengutachter,https://www.youtube.com/watch?v=HXBoT6ZnfWI&t=49,HXBoT6ZnfWI,Wie werde ich Sachverständige:r für Immobilienbewertung?
q0189,verkehrswert einer wohnung ermitteln,https://www.youtube.com/watch?v=gU7GFsBMVcE,gU7GFsBMVcE,3 Methoden: Immobilienwert ermitteln | Baufinanzierung leicht ...
q0190,hausbewertung bei erbschaft,https://www.youtube.com/watch?v=Dh7wGNaSgnw&t=103,Dh7wGNaSgnw,Die 4 häufigsten Fehler bei der Immobilienbewertung ...
q0191,immobilienbewertung erbpacht,https://www.youtube.com/watch?v=PSzZ0jFHaBw,PSzZ0jFHaBw,How is a house on leasehold land valued?
q0193,immobilie bewerten münchen,https://www.youtube.com/watch?v=zcog8OUvlhs&t=298,zcog8OUvlhs,4 Bewertungs-Methoden für Immobilien - ein Überblick
q0194,immobilie bewerten kosten,https://www.youtube.com/watch?v=9580eaI-AkE&t=118,9580eaI-AkE,Haus bewerten: Brauchen Sie einen teuren Gutachter?
q0202,gutachter immobilien erbschaft,https://www.youtube.com/watch?v=L6TK5Y_PWfw,L6TK5Y_PWfw,Property valuation in inheritance tax: Proof of a lower value by an expert.
q0203,hausbewertung erbschaft,https://www.youtube.com/watch?v=Dh7wGNaSgnw&t=103,Dh7wGNaSgnw,Die 4 häufigsten Fehler bei der Immobilienbewertung ...
q0204,aktuellen verkehrswert ermitteln,https://www.youtube.com/shorts/NlYb0GbVA9Y,NlYb0GbVA9Y,Wie wird der Verkehrswert einer Immobilie ermittelt? ...
q0204,aktuellen verkehrswert ermitteln,https://www.youtube.com/watch?v=LrbE5Wf92TI&t=2,LrbE5Wf92TI,Immobilienwert ermitteln: Die 3 Verfahren & häufigsten ...
q0205,wert haus schätzen lassen,https://www.youtube.com/watch?v=9580eaI-AkE&t=118,9580eaI-AkE,Haus bewerten: Brauchen Sie einen teuren Gutachter?
q0206,gutachten wohnungswert,https://www.youtube.com/watch?v=NFgSJWRNKa4,NFgSJWRNKa4,Der Weg zur professionellen Immobilienbewertung
q0208,haus bewerten gutachter,https://www.youtube.com/watch?v=9580eaI-AkE&t=118,9580eaI-AkE,Haus bewerten: Brauchen Sie einen teuren Gutachter?
q0210,ermittlung verkehrswert haus,https://www.youtube.com/watch?v=f-xvoOYB5zI,f-xvoOYB5zI,How to determine the value of a property
q0210,ermittlung verkehrswert haus,https://www.youtube.com/shorts/NlYb0GbVA9Y,NlYb0GbVA9Y,Wie wird der Verkehrswert einer Immobilie ermittelt? ...
q0213,immobilienbewertung scheidung,https://www.youtube.com/watch?v=yJTUZ2FyUm0&t=118,yJTUZ2FyUm0,Immobilienbewertung bei Scheidung / Trennung (Zugewinnausgleich)
q0214,immobilienbewertung bei erbschaft,https://www.youtube.com/watch?v=lDqUowuQw5M,lDqUowuQw5M,Erbschaftsteuer: So wird deine Immobilie bewertet (und so ...
q0215,haus immobilienbewertung,https://www.youtube.com/watch?v=4T2VvGrxics&t=64,4T2VvGrxics,Immobilienbewertung: In 4 Schritten einfach erklärt
q0217,immobilienbewertung bei schenkung,https://www.youtube.com/watch?v=k20NWUux7jQ&t=307,k20NWUux7jQ,Immobilie schenken ohne Steuer - Nießbrauch richtig berechnen!
q0221,immobilienbewertung bank,https://www.youtube.com/watch?v=OjlhAf-CGDA,OjlhAf-CGDA,Makler vs. Bank: Immobilienbewertung völlig unterschiedlich
q0222,immobilienbewertung ohne kontaktdaten,https://www.youtube.com/watch?v=XVJbxVWXt8k&t=76,XVJbxVWXt8k,Kostenfreier Immobilienwert-Rechner OHNE Angabe ...
q0223,staatlich geprüfter immobiliengutachter,https://www.youtube.com/watch?v=D0f2d90EgnA&t=1,D0f2d90EgnA,SIHK erklärt: Wie werde ich ein öffentlich bestellter und ...
q0224,immobilienbewertung internet,https://www.youtube.com/watch?v=LrbE5Wf92TI&t=2,LrbE5Wf92TI,Immobilienwert ermitteln: Die 3 Verfahren & häufigsten ...
q0225,berechnung verkehrswert wohnung,https://www.youtube.com/watch?v=gU7GFsBMVcE,gU7GFsBMVcE,3 Methoden: Immobilienwert ermitteln | Baufinanzierung leicht ...
q0225,berechnung verkehrswert wohnung,https://www.youtube.com/shorts/NlYb0GbVA9Y,NlYb0GbVA9Y,Wie wird der Verkehrswert einer Immobilie ermittelt? ...
q0226,immobilienwerte ermitteln,https://www.youtube.com/watch?v=IYFKgHc1nwI,IYFKgHc1nwI,Ganz einfach Immobilienwert berechnen ...
q0226,immobilienwerte ermitteln,https://www.youtube.com/shorts/NlYb0GbVA9Y,NlYb0GbVA9Y,Wie wird der Verkehrswert einer Immobilie ermittelt? ...
q0227,verkehrswert einfamilienhaus berechnen,https://www.youtube.com/shorts/NlYb0GbVA9Y,NlYb0GbVA9Y,Wie wird der Verkehrswert einer Immobilie ermittelt? ...
q0229,wertermittlung haus kosten,https://www.youtube.com/watch?v=9580eaI-AkE&t=118,9580eaI-AkE,Haus bewerten: Brauchen Sie einen teuren Gutachter?
q0232,berechnung des verkehrswertes eines hauses,https://www.youtube.com/watch?v=f-xvoOYB5zI,f-xvoOYB5zI,How to determine the value of a property
q0232,berechnung des verkehrswertes eines hauses,https://www.youtube.com/shorts/NlYb0GbVA9Y,NlYb0GbVA9Y,Wie wird der Verkehrswert einer Immobilie ermittelt? ...
q0233,eigentumswohnung verkehrswert ermitteln,https://www.youtube.com/shorts/NlYb0GbVA9Y,NlYb0GbVA9Y,Wie wird der Verkehrswert einer Immobilie ermittelt? ...
q0233,eigentumswohnung verkehrswert ermitteln,https://www.youtube.com/watch?v=Rptf4MMbBlM&t=155,Rptf4MMbBlM,So bestimmst du den Wert deiner Immobilie | Baufi Basics
q0234,verkehrswert einfamilienhaus ermitteln,https://www.youtube.com/watch?v=gU7GFsBMVcE,gU7GFsBMVcE,3 Methoden: Immobilienwert ermitteln | Baufinanzierung leicht ...
q0234,verkehrswert einfamilienhaus ermitteln,https://www.youtube.com/shorts/NlYb0GbVA9Y,NlYb0GbVA9Y,Wie wird der Verkehrswert einer Immobilie ermittelt? ...
q0235,hausbewertung durch bank,https://www.youtube.com/watch?v=OjlhAf-CGDA,OjlhAf-CGDA,Immobilienbewertung völlig unterschiedlich – Was tun?
q0236,immobilienbewertung ortsgericht,https://www.youtube.com/watch?v=NFgSJWRNKa4,NFgSJWRNKa4,Schritt für Schritt: Der Weg zur professionellen ...
q0237,immobilienbewertung bei scheidung,https://www.youtube.com/watch?v=yJTUZ2FyUm0&t=118,yJTUZ2FyUm0,Immobilienbewertung bei Scheidung / Trennung (Zugewinnausgleich)
q0238,wohnung verkehrswert ermitteln,https://www.youtube.com/shorts/NlYb0GbVA9Y,NlYb0GbVA9Y,Wie wird der Verkehrswert einer Immobilie ermittelt? ...
q0238,wohnung verkehrswert ermitteln,https://www.youtube.com/watch?v=Rptf4MMbBlM&t=155,Rptf4MMbBlM,So bestimmst du den Wert deiner Immobilie | Baufi Basics
q0239,wohnung verkehrswert berechnen,https://www.youtube.com/watch?v=f-xvoOYB5zI,f-xvoOYB5zI,How to determine the value of a property
q0239,wohnung verkehrswert berechnen,https://www.youtube.com/shorts/NlYb0GbVA9Y,NlYb0GbVA9Y,Wie wird der Verkehrswert einer Immobilie ermittelt? ...
q0240,kosten für hausschätzung,https://www.youtube.com/watch?v=9580eaI-AkE&t=118,9580eaI-AkE,Haus bewerten: Brauchen Sie einen teuren Gutachter?
q0244,immobilienbewertung für schenkung,https://www.youtube.com/watch?v=k20NWUux7jQ&t=307,k20NWUux7jQ,Immobilie schenken ohne Steuer - Nießbrauch richtig berechnen!
q0246,kosten gutachten immobilie,https://www.youtube.com/watch?v=9580eaI-AkE&t=118,9580eaI-AkE,Haus bewerten: Brauchen Sie einen teuren Gutachter?
q0247,immobilienbewertung eigentumswohnung,https://www.youtube.com/watch?v=Rptf4MMbBlM&t=29,Rptf4MMbBlM,So bestimmst du den Wert deiner Immobilie | Baufi Basics
q0248,immobilienbewertung ertragswertverfahren,https://www.youtube.com/watch?v=3HIrWTSoyu0,3HIrWTSoyu0,Immobilienbewertung ...
q0251,verkehrswert gebäude ermitteln,https://www.youtube.com/watch?v=f-xvoOYB5zI,f-xvoOYB5zI,How to determine the value of a property
q0251,verkehrswert gebäude ermitteln,https://www.youtube.com/shorts/NlYb0GbVA9Y,NlYb0GbVA9Y,Wie wird der Verkehrswert einer Immobilie ermittelt? ...
q0253,gutachten wert immobilie,https://www.youtube.com/watch?v=f-3oFq3pynw&t=72,f-3oFq3pynw,Immobilienbewertung einfach erklärt
q0254,hausbewertung bank,https://www.youtube.com/watch?v=OjlhAf-CGDA,OjlhAf-CGDA,Immobilienbewertung völlig unterschiedlich – Was tun?
q0256,boris hausbewertung,https://www.youtube.com/watch?v=BfN8NHo78IQ,BfN8NHo78IQ,💡 Bodenrichtwert - Einfach erklärt! 📏
q0259,gutachter immobilien preis,https://www.youtube.com/watch?v=9580eaI-AkE&t=118,9580eaI-AkE,🏡🧐 Haus bewerten: Brauchen Sie einen teuren Gutachter? 🏡🧐
q0260,wertgutachten gewerbeimmobilie,https://www.youtube.com/watch?v=zQgPnnVetjs,zQgPnnVetjs,Das sollte man wissen! - Sachverständiger Matthias Mertens
q0262,immobilienbewertungsverfahren,https://www.youtube.com/watch?v=bzVFqfYvRAg,bzVFqfYvRAg,Immobilienbewertung einfach erklärt
q0271,ermittlung verkehrswert eigentumswohnung,https://www.youtube.com/shorts/NlYb0GbVA9Y,NlYb0GbVA9Y,Wie wird der Verkehrswert einer Immobilie ermittelt? ...
q0271,ermittlung verkehrswert eigentumswohnung,https://www.youtube.com/watch?v=Rptf4MMbBlM&t=155,Rptf4MMbBlM,So bestimmst du den Wert deiner Immobilie | Baufi Basics
q0279,erbe hauswert ermitteln,https://www.youtube.com/watch?v=Dh7wGNaSgnw&t=103,Dh7wGNaSgnw,Die 4 häufigsten Fehler bei der Immobilienbewertung ...
q0281,immobilienbewertung erbe,https://www.youtube.com/watch?v=9cVihfikNMI&t=37,9cVihfikNMI,Valuation of real estate for gift and inheritance tax since 2023
q0284,ertragswertmethode immobilienbewertung,https://www.youtube.com/watch?v=3HIrWTSoyu0,3HIrWTSoyu0,Immobilienbewertung ...
q0285,immobilienwert ermitteln lassen,https://www.youtube.com/watch?v=IYFKgHc1nwI,IYFKgHc1nwI,Ganz einfach Immobilienwert berechnen ...
q0285,immobilienwert ermitteln lassen,https://www.youtube.com/shorts/NlYb0GbVA9Y,NlYb0GbVA9Y,Wie wird der Verkehrswert einer Immobilie ermittelt? ...
q0286,haus verkehrswert schätzen,https://www.youtube.com/shorts/NlYb0GbVA9Y,NlYb0GbVA9Y,Wie wird der Verkehrswert einer Immobilie ermittelt? ...
q0286,haus verkehrswert schätzen,https://www.youtube.com/watch?v=f-xvoOYB5zI&t=393,f-xvoOYB5zI,How to determine the value of a property
q0287,gutachterkosten immobilienbewertung,https://www.youtube.com/watch?v=9580eaI-AkE&t=118,9580eaI-AkE,Haus bewerten: Brauchen Sie einen teuren Gutachter?
q0288,verkehrswert berechnen haus,https://www.youtube.com/watch?v=f-xvoOYB5zI,f-xvoOYB5zI,How to determine the value of a property
q0288,verkehrswert berechnen haus,https://www.youtube.com/shorts/NlYb0GbVA9Y,NlYb0GbVA9Y,Wie wird der Verkehrswert einer Immobilie ermittelt? ...
q0290,grundstück und haus bewerten,https://www.youtube.com/watch?v=zcog8OUvlhs&t=75,zcog8OUvlhs,4 Bewertungs-Methoden für Immobilien - ein Überblick
q0295,verkehrswert wohnfläche ermitteln,https://www.youtube.com/watch?v=gU7GFsBMVcE,gU7GFsBMVcE,3 Methoden: Immobilienwert ermitteln | Baufinanzierung leicht ...
q0295,verkehrswert wohnfläche ermitteln,https://www.youtube.com/shorts/NlYb0GbVA9Y,NlYb0GbVA9Y,Wie wird der Verkehrswert einer Immobilie ermittelt? ...
q0296,wertgutachten einfamilienhaus,https://www.youtube.com/watch?v=9580eaI-AkE&t=118,9580eaI-AkE,Haus bewerten: Brauchen Sie einen teuren Gutachter?
q0298,kosten immobilienschätzung,https://www.youtube.com/watch?v=9580eaI-AkE&t=118,9580eaI-AkE,Haus bewerten: Brauchen Sie einen teuren Gutachter?
q0300,gebäude verkehrswert ermitteln,https://www.youtube.com/watch?v=f-xvoOYB5zI,f-xvoOYB5zI,How to determine the value of a property
q0300,gebäude verkehrswert ermitteln,https://www.youtube.com/shorts/NlYb0GbVA9Y,NlYb0GbVA9Y,Wie wird der Verkehrswert einer Immobilie ermittelt? ...
q0301,ertragswert gewerbeimmobilie berechnen,https://www.youtube.com/watch?v=3HIrWTSoyu0,3HIrWTSoyu0,Immobilienbewertung: Ertragswertverfahren ...
q0305,kosten für immobiliengutachten,https://www.youtube.com/watch?v=9580eaI-AkE&t=118,9580eaI-AkE,Haus bewerten: Brauchen Sie einen teuren Gutachter?
q0306,eigentumswohnung bewertungsverfahren,https://www.youtube.com/watch?v=Dh7wGNaSgnw,Dh7wGNaSgnw,Die 4 häufigsten Fehler bei der Immobilienbewertung ...
q0306,eigentumswohnung bewertungsverfahren,https://www.youtube.com/shorts/NlYb0GbVA9Y,NlYb0GbVA9Y,Wie wird der Verkehrswert einer Immobilie ermittelt? ...
q0307,kosten für wertgutachten haus,https://www.youtube.com/watch?v=TzVR5ww9eaM&t=40,TzVR5ww9eaM,Haus verkaufen Kosten - Was kostet ein Energieausweis?
q0308,scheidung immobilienbewertung,https://www.youtube.com/watch?v=yJTUZ2FyUm0&t=118,yJTUZ2FyUm0,Immobilienbewertung bei Scheidung / Trennung (Zugewinnausgleich)
q0310,ermittlung immobilienwert erbe,https://www.youtube.com/watch?v=9cVihfikNMI&t=37,9cVihfikNMI,Valuation of real estate for gift and inheritance tax since 2023
q0312,wert vom haus schätzen lassen,https://www.youtube.com/watch?v=9580eaI-AkE&t=118,9580eaI-AkE,Haus bewerten: Brauchen Sie einen teuren Gutachter?
q0313,immobilie bewerten schenkung,https://www.youtube.com/watch?v=k20NWUux7jQ&t=307,k20NWUux7jQ,Immobilie schenken ohne Steuer - Nießbrauch richtig berechnen!
q0314,immobilienbewertung 2022,https://www.youtube.com/watch?v=9cVihfikNMI&t=37,9cVihfikNMI,Valuation of real estate for gift and inheritance tax since 2023
q0317,sachwertverfahren haus,https://www.youtube.com/watch?v=eIYTOCeeuCI&t=72,eIYTOCeeuCI,So sparst du mit einem Gutachten Geld | BMK Steuertalk
q0319,immobilienbewertung im internet,https://www.youtube.com/watch?v=LrbE5Wf92TI&t=2,LrbE5Wf92TI,Immobilienwert ermitteln: Die 3 Verfahren & häufigsten ...
q0321,steuerliche immobilienbewertung,https://www.youtube.com/watch?v=lDqUowuQw5M,lDqUowuQw5M,Erbschaftsteuer: So wird deine Immobilie bewertet (und so ...
q0324,haus bewerten erbe,https://www.youtube.com/watch?v=Dh7wGNaSgnw&t=103,Dh7wGNaSgnw,Die 4 häufigsten Fehler bei der Immobilienbewertung ...
q0325,ertragswert gewerbeimmobilie,https://www.youtube.com/watch?v=3HIrWTSoyu0,3HIrWTSoyu0,Immobilienbewertung: Ertragswertverfahren ...
q0326,kosten immobilienbewertung wertgutachten,https://www.youtube.com/watch?v=9580eaI-AkE&t=118,9580eaI-AkE,Haus bewerten: Brauchen Sie einen teuren Gutachter?
q0327,öffentlich bestellter und vereidigter gutachter immobilien,https://www.youtube.com/watch?v=D0f2d90EgnA&t=1,D0f2d90EgnA,SIHK erklärt: Wie werde ich ein öffentlich bestellter und ...
q0328,bank immobilienbewertung,https://www.youtube.com/watch?v=OjlhAf-CGDA,OjlhAf-CGDA,Makler vs. Bank: Immobilienbewertung völlig unterschiedlich
q0328,bank immobilienbewertung,https://www.youtube.com/shorts/_3qL_AOv49A,_3qL_AOv49A,Immobilienbewertung durch die Bank
q0329,erbfall immobilienbewertung,https://www.youtube.com/watch?v=9cVihfikNMI&t=37,9cVihfikNMI,Valuation of real estate for gift and inheritance tax since 2023
q0331,checkliste immobilienbewertung,https://www.youtube.com/watch?v=NFgSJWRNKa4,NFgSJWRNKa4,Der Weg zur professionellen Immobilienbewertung
q0332,wertgutachten haus scheidung kosten,https://www.youtube.com/watch?v=yJTUZ2FyUm0&t=118,yJTUZ2FyUm0,Immobilienbewertung bei Scheidung / Trennung (Zugewinnausgleich)
q0335,immobilien gutachten wertermittlung,https://www.youtube.com/watch?v=9580eaI-AkE&t=118,9580eaI-AkE,Haus bewerten: Brauchen Sie einen teuren Gutachter?
q0336,nachlass immobilie bewerten,https://www.youtube.com/watch?v=eIYTOCeeuCI&t=26,eIYTOCeeuCI,So sparst du mit einem Gutachten Geld | BMK Steuertalk
q0337,erbschaftsteuer gutachten immobilie,https://www.youtube.com/watch?v=eIYTOCeeuCI&t=26,eIYTOCeeuCI,So sparst du mit einem Gutachten Geld | BMK Steuertalk
q0350,immobilienbewertung durch bank,https://www.youtube.com/shorts/_3qL_AOv49A,_3qL_AOv49A,Immobilienbewertung durch die Bank
q0350,immobilienbewertung durch bank,https://www.youtube.com/watch?v=BjAUmfNmdLo,BjAUmfNmdLo,This is how the bank calculates your property financing ...
q0355,immobilienwert ermitteln gutachter,https://www.youtube.com/watch?v=LrbE5Wf92TI&t=2,LrbE5Wf92TI,Immobilienwert ermitteln: Die 3 Verfahren & häufigsten ...
q0356,berechnung verkehrswert eigentumswohnung,https://www.youtube.com/shorts/NlYb0GbVA9Y,NlYb0GbVA9Y,Wie wird der Verkehrswert einer Immobilie ermittelt? ...
q0356,berechnung verkehrswert eigentumswohnung,https://www.youtube.com/watch?v=Rptf4MMbBlM&t=155,Rptf4MMbBlM,So bestimmst du den Wert deiner Immobilie | Baufi Basics
q0359,immobilienbewertung erbfall,https://www.youtube.com/watch?v=9cVihfikNMI&t=37,9cVihfikNMI,Valuation of real estate for gift and inheritance tax since 2023
q0360,bodenrichtwert immobilienbewertung,https://www.youtube.com/watch?v=nt99kp-cy5o,nt99kp-cy5o,Was ist der Bodenrichtwert und wie wird ...
q0360,bodenrichtwert immobilienbewertung,https://www.youtube.com/shorts/Ym30Tl58PgI,Ym30Tl58PgI,Was besagt der Bodenrichtwert? #immobilien
q0361,vereidigter gutachter immobilien kosten,https://www.youtube.com/watch?v=9580eaI-AkE&t=118,9580eaI-AkE,Haus bewerten: Brauchen Sie einen teuren Gutachter?
q0362,kosten für gutachten immobilienbewertung,https://www.youtube.com/watch?v=9580eaI-AkE&t=118,9580eaI-AkE,Haus bewerten: Brauchen Sie einen teuren Gutachter?
q0363,hausverkauf wertgutachten,https://www.youtube.com/watch?v=6QT4-ppTxgU,6QT4-ppTxgU,Hausverkauf: Immobilie richtig bewerten | BAUEN & WOHNEN
q0365,eigentumswohnung verkehrswert berechnen,https://www.youtube.com/shorts/NlYb0GbVA9Y,NlYb0GbVA9Y,Wie wird der Verkehrswert einer Immobilie ermittelt? ...
q0365,eigentumswohnung verkehrswert berechnen,https://www.youtube.com/watch?v=Rptf4MMbBlM&t=155,Rptf4MMbBlM,So bestimmst du den Wert deiner Immobilie | Baufi Basics
q0370,automatisierte immobilienbewertung,https://www.youtube.com/watch?v=kfY29d1ozvk,kfY29d1ozvk,KI Immobilienbewertung: Warum sie oft falsch liegt
q0374,ermittlung immobilienwert bei schenkung,https://www.youtube.com/watch?v=k20NWUux7jQ&t=307,k20NWUux7jQ,Immobilie schenken ohne Steuer - Nießbrauch richtig berechnen!
q0375,zertifizierter immobilienbewerter,https://www.youtube.com/watch?v=HXBoT6ZnfWI&t=91,HXBoT6ZnfWI,Wie werde ich Sachverständige:r für Immobilienbewertung?
q0376,wieviel kostet ein immobiliengutachten,https://www.youtube.com/watch?v=9580eaI-AkE&t=118,9580eaI-AkE,Haus bewerten: Brauchen Sie einen teuren Gutachter?
q0377,gebäudebewertung sachwertverfahren,https://www.youtube.com/watch?v=cpmFgHgAdvQ,cpmFgHgAdvQ,Das Sachwertverfahren für Immobilien kurz erklärt!
q0380,wertgutachten hausverkauf,https://www.youtube.com/watch?v=9580eaI-AkE&t=118,9580eaI-AkE,Haus bewerten: Brauchen Sie einen teuren Gutachter?
q0383,hausbewertung scheidung,https://www.youtube.com/watch?v=FEMa923kKFQ,FEMa923kKFQ,Trennung und Scheidung - Was tun mit der Immobilie?
q0385,ermittlung verkehrswert wohnung,https://www.youtube.com/watch?v=zQgPnnVetjs,zQgPnnVetjs,Das sollte man wissen! - Sachverständiger Matthias Mertens
q0385,ermittlung verkehrswert wohnung,https://www.youtube.com/shorts/NlYb0GbVA9Y,NlYb0GbVA9Y,Wie wird der Verkehrswert einer Immobilie ermittelt? ...
q0388,meine immobilienbewertung,https://www.youtube.com/watch?v=LrbE5Wf92TI&t=2,LrbE5Wf92TI,Immobilienwert ermitteln: Die 3 Verfahren & häufigsten ...
q0388,meine immobilienbewertung,https://www.youtube.com/shorts/BCoAKw1truA,BCoAKw1truA,"Sie möchten wissen, was Ihre Immobilie wert ist?"
q0390,verkehrswertgutachten für immobilien,https://www.youtube.com/shorts/NlYb0GbVA9Y,NlYb0GbVA9Y,Wie wird der Verkehrswert einer Immobilie ermittelt? ...
q0396,kosten gutachter hausschätzung,https://www.youtube.com/watch?v=9580eaI-AkE&t=118,9580eaI-AkE,Haus bewerten: Brauchen Sie einen teuren Gutachter?
q0397,immobilienbewertung nach ertragswertverfahren,https://www.youtube.com/watch?v=3HIrWTSoyu0,3HIrWTSoyu0,Immobilienbewertung ...
q0398,neue immobilienbewertung,https://www.youtube.com/watch?v=-vnCfY_K3No,-vnCfY_K3No,Änderungen in der Verkehrswertermittlung von Immobilien ...
q0401,sachwertverfahren ertragswertverfahren,https://www.youtube.com/watch?v=eIYTOCeeuCI&t=72,eIYTOCeeuCI,So sparst du mit einem Gutachten Geld | BMK Steuertalk
q0408,gerichtsfestes verkehrswertgutachten,https://www.youtube.com/watch?v=zQgPnnVetjs,zQgPnnVetjs,Das sollte man wissen! - Sachverständiger Matthias Mertens
q0410,preis immobiliengutachten,https://www.youtube.com/watch?v=9580eaI-AkE&t=118,9580eaI-AkE,🏡🧐 Haus bewerten: Brauchen Sie einen teuren Gutachter? 🏡🧐
q0411,immobilienbewertung für banken,https://www.youtube.com/watch?v=gU7GFsBMVcE&t=276,gU7GFsBMVcE,Immobilienwert ermitteln | Baufinanzierung leicht gemacht
q0412,verkehrswertgutachten kurzgutachten,https://www.youtube.com/watch?v=zQgPnnVetjs,zQgPnnVetjs,Das sollte man wissen! - Sachverständiger Matthias Mertens
q0418,immobilienbewertung checkliste,https://www.youtube.com/watch?v=4T2VvGrxics&t=147,4T2VvGrxics,Immobilienbewertung: In 4 Schritten einfach erklärt
q0420,ertragswertverfahren immobilienbewertung,https://www.youtube.com/watch?v=3HIrWTSoyu0,3HIrWTSoyu0,Immobilienbewertung ...
q0421,immobilienbewertung ertragswert,https://www.youtube.com/watch?v=uZIx2-RX7wU,uZIx2-RX7wU,Wie ermittelt man einen Ertragswert?
q0422,gutachten haus erbschaft,https://www.youtube.com/watch?v=eIYTOCeeuCI&t=422,eIYTOCeeuCI,So sparst du mit einem Gutachten Geld | BMK Steuertalk
q0425,basiszinssatz immobilienbewertung,https://www.youtube.com/watch?v=0DgvdMidyMU&t=23,0DgvdMidyMU,Der Liegenschaftszinssatz in der Immobilienbewertung
q0427,baupreisindex immobilienbewertung,https://www.youtube.com/watch?v=mT6FusdgRec&t=1,mT6FusdgRec,So funktioniert die Anpassung der NHK 2010 gem. ...
q0428,berechnung verkehrswert eines hauses,https://www.youtube.com/watch?v=f-xvoOYB5zI,f-xvoOYB5zI,How to determine the value of a property
q0428,berechnung verkehrswert eines hauses,https://www.youtube.com/shorts/NlYb0GbVA9Y,NlYb0GbVA9Y,Wie wird der Verkehrswert einer Immobilie ermittelt? ...
q0429,berechnung verkehrswert gebäude,https://www.youtube.com/watch?v=f-xvoOYB5zI,f-xvoOYB5zI,How to determine the value of a property
q0429,berechnung verkehrswert gebäude,https://www.youtube.com/shorts/NlYb0GbVA9Y,NlYb0GbVA9Y,Wie wird der Verkehrswert einer Immobilie ermittelt? ...
q0431,bewertungsgesetz immobilienbewertung,https://www.youtube.com/watch?v=lDqUowuQw5M,lDqUowuQw5M,Erbschaftsteuer: So wird deine Immobilie bewertet (und so ...
q0432,bewertungsverfahren immobilie,https://www.youtube.com/watch?v=Dh7wGNaSgnw&t=9,Dh7wGNaSgnw,Die 4 häufigsten Fehler bei der Immobilienbewertung ...
q0435,checkliste hausbewertung,https://www.youtube.com/watch?v=nyaNPOHUXG0&t=205,nyaNPOHUXG0,Wie bewertet man eine Immobilie? Die wichtigsten Schritte ...
q0437,die immobilienbewertung,https://www.youtube.com/watch?v=f-3oFq3pynw&t=72,f-3oFq3pynw,Immobilienbewertung einfach erklärt
q0439,digitalisierung immobilienbewertung,https://www.youtube.com/watch?v=kfY29d1ozvk,kfY29d1ozvk,KI Immobilienbewertung: Warum sie oft falsch liegt
q0442,erbrecht immobilienbewertung,https://www.youtube.com/watch?v=9cVihfikNMI&t=37,9cVihfikNMI,Valuation of real estate for gift and inheritance tax since 2023
q0443,erbschaft immobilie bewerten,https://www.youtube.com/watch?v=9cVihfikNMI&t=37,9cVihfikNMI,Valuation of real estate for gift and inheritance tax since 2023
q0444,ermittlung immobilienwert im erbfall,https://www.youtube.com/watch?v=9cVihfikNMI&t=37,9cVihfikNMI,Valuation of real estate for gift and inheritance tax since 2023
q0445,ermittlung verkehrswert gebäude,https://www.youtube.com/watch?v=f-xvoOYB5zI,f-xvoOYB5zI,How to determine the value of a property
q0445,ermittlung verkehrswert gebäude,https://www.youtube.com/shorts/NlYb0GbVA9Y,NlYb0GbVA9Y,Wie wird der Verkehrswert einer Immobilie ermittelt? ...
q0446,ertragswert mehrfamilienhaus,https://www.youtube.com/watch?v=uZIx2-RX7wU,uZIx2-RX7wU,Wie ermittelt man einen Ertragswert?
q0452,gutachten immobilienbewertung kosten,https://www.youtube.com/watch?v=9580eaI-AkE&t=118,9580eaI-AkE,Haus bewerten: Brauchen Sie einen teuren Gutachter?
q0453,gutachten immobilienwert kosten,https://www.youtube.com/watch?v=Dh7wGNaSgnw&t=103,Dh7wGNaSgnw,Die 4 häufigsten Fehler bei der Immobilienbewertung ...
q0455,gutachter haus bewerten,https://www.youtube.com/watch?v=9580eaI-AkE&t=118,9580eaI-AkE,Haus bewerten: Brauchen Sie einen teuren Gutachter?
q0456,gutachterausschuss immobilienbewertung,https://www.youtube.com/watch?v=Dh7wGNaSgnw&t=103,Dh7wGNaSgnw,Die 4 häufigsten Fehler bei der Immobilienbewertung ...
q0456,gutachterausschuss immobilienbewertung,https://www.youtube.com/shorts/lzkXP27J_hU,lzkXP27J_hU,Was ist der Gutachterausschuss für Grundstückswerte ...
q0460,hausschätzung scheidung,https://www.youtube.com/watch?v=JaUfgq5n-b0&t=8,JaUfgq5n-b0,Immobilien und Scheidung - Wie wird der Zugewinn ...
q0465,immobilien verkehrswertgutachten kosten,https://www.youtube.com/watch?v=9580eaI-AkE&t=118,9580eaI-AkE,Haus bewerten: Brauchen Sie einen teuren Gutachter?
q0467,immobilienbewertung denkmalschutz,https://www.youtube.com/watch?v=FzKvIKxjgqw,FzKvIKxjgqw,FAQ Restnutzungsdauer Teil 7/12
q0470,immobilienbewertung erbschaftsteuer verkehrswert,https://www.youtube.com/watch?v=Dh7wGNaSgnw&t=103,Dh7wGNaSgnw,Die 4 häufigsten Fehler bei der Immobilienbewertung ...
q0472,immobilienbewertung für unbebaute grundstücke und,https://www.youtube.com/watch?v=lDqUowuQw5M&t=180,lDqUowuQw5M,So wird deine Immobilie bewertet (und so kann man sparen)
q0478,immobilienbewertung preise,https://www.youtube.com/watch?v=LrbE5Wf92TI&t=2,LrbE5Wf92TI,Immobilienwert ermitteln: Die 3 Verfahren & häufigsten ...
q0485,immobiliengutachten erbe,https://www.youtube.com/watch?v=L6TK5Y_PWfw,L6TK5Y_PWfw,Property valuation in inheritance tax: Proof of a lower value by an expert.
q0486,immobiliengutachten scheidung,https://www.youtube.com/watch?v=wZLcjquojpk&t=122,wZLcjquojpk,Immobilien – Trennung und Scheidung [ Immobilien Tipps 2021]
q0501,internationale immobilienbewertung,https://www.youtube.com/watch?v=UjsEIjQr8v4&t=1,UjsEIjQr8v4,von einer nach DIN EN ISO/IEC 17024 akkreditierten Stelle zertifizierte ...
q0503,kosten für gutachter immobilien,https://www.youtube.com/watch?v=WMpK_R_iAKM,WMpK_R_iAKM,Was kostet ein Baugutachter
q0504,kosten gutachten immobilienbewertung,https://www.youtube.com/watch?v=LrbE5Wf92TI&t=2,LrbE5Wf92TI,Immobilienwert ermitteln: Die 3 Verfahren & häufigsten Fehler ...
q0505,kosten immobiliengutachten einfamilienhaus,https://www.youtube.com/watch?v=9580eaI-AkE&t=118,9580eaI-AkE,Haus bewerten: Brauchen Sie einen teuren Gutachter?
q0508,ortsgericht immobilienbewertung,https://www.youtube.com/watch?v=zQgPnnVetjs&t=242,zQgPnnVetjs,Das sollte man wissen! - Sachverständiger Matthias Mertens
q0509,preise für immobiliengutachten,https://www.youtube.com/watch?v=9580eaI-AkE&t=118,9580eaI-AkE,Haus bewerten: Brauchen Sie einen teuren Gutachter?
q0513,sachwertverfahren ertragswertverfahren vergleichswertverfahren,https://www.youtube.com/watch?v=ij61A4FqEXg&t=107,ij61A4FqEXg,📉🏡📈 Valuing real estate: asset value vs. income approach 📈🏡📉
q0513,sachwertverfahren ertragswertverfahren vergleichswertverfahren,https://www.youtube.com/shorts/NlYb0GbVA9Y,NlYb0GbVA9Y,Wie wird der Verkehrswert einer Immobilie ermittelt? ...
q0514,sachwertverfahren immobilienbewertung,https://www.youtube.com/watch?v=X13VuSn2Qo4,X13VuSn2Qo4,Sachwertverfahren - Prüfungswissen Immobilienkaufleute
q0515,sachwertverfahren oder ertragswertverfahren,https://www.youtube.com/watch?v=eIYTOCeeuCI&t=72,eIYTOCeeuCI,So sparst du mit einem Gutachten Geld | BMK Steuertalk
q0516,sachwertverfahren vergleichswertverfahren,https://www.youtube.com/watch?v=eIYTOCeeuCI&t=72,eIYTOCeeuCI,So sparst du mit einem Gutachten Geld | BMK Steuertalk
q0517,scheidung haus gutachten,https://www.youtube.com/watch?v=BaZwZuqhA5E&t=23,BaZwZuqhA5E,How to evaluate the past (previous date) in the case of donations ...
q0518,schiedsgutachten immobilie scheidung,https://www.youtube.com/watch?v=wZLcjquojpk&t=122,wZLcjquojpk,Trennung und Scheidung [ Immobilien Tipps 2021]
q0519,startup immobilienbewertung,https://www.youtube.com/watch?v=8tSENODUflk,8tSENODUflk,PriceHubble: Immobilienbewertung Schritt für Schritt [Tutorial]
q0523,verfahrenswahl immobilienbewertung,https://www.youtube.com/watch?v=m8f0Gxi9vhw&t=8,m8f0Gxi9vhw,Einführung in die Immobilienbewertung
q0524,vergleichswertverfahren einfamilienhaus,https://www.youtube.com/watch?v=FnLsjjGd-S8,FnLsjjGd-S8,Vergleichswertverfahren: Bewertung von Einfamilienhaus ...
q0525,vergleichswertverfahren ertragswertverfahren oder sachwertverfahren,https://www.youtube.com/watch?v=ij61A4FqEXg&t=107,ij61A4FqEXg,📉🏡📈 Valuing real estate: asset value vs. income approach 📈🏡📉
q0525,vergleichswertverfahren ertragswertverfahren oder sachwertverfahren,https://www.youtube.com/shorts/NlYb0GbVA9Y,NlYb0GbVA9Y,Wie wird der Verkehrswert einer Immobilie ermittelt? ...
q0526,vergleichswertverfahren oder sachwertverfahren,https://www.youtube.com/watch?v=eIYTOCeeuCI&t=72,eIYTOCeeuCI,So sparst du mit einem Gutachten Geld | BMK Steuertalk
q0527,vergleichswertverfahren sachwertverfahren ertragswertverfahren,https://www.youtube.com/watch?v=ij61A4FqEXg&t=107,ij61A4FqEXg,📉🏡📈 Valuing real estate: asset value vs. income approach 📈🏡📉
q0527,vergleichswertverfahren sachwertverfahren ertragswertverfahren,https://www.youtube.com/shorts/NlYb0GbVA9Y,NlYb0GbVA9Y,Wie wird der Verkehrswert einer Immobilie ermittelt? ...
q0528,verkehrswert haus ermitteln kosten,https://www.youtube.com/watch?v=XVJbxVWXt8k&t=76,XVJbxVWXt8k,Kostenfreier Immobilienwert-Rechner OHNE Angabe ...
q0529,verkehrswertgutachten bei scheidung,https://www.youtube.com/watch?v=yJTUZ2FyUm0&t=118,yJTUZ2FyUm0,Immobilienbewertung bei Scheidung / Trennung ...
q0531,verkehrswertgutachten nach 194 baugb,https://www.youtube.com/watch?v=zQgPnnVetjs&t=242,zQgPnnVetjs,Das sollte man wissen! - Sachverständiger Matthias Mertens
q0534,wertgutachten haus grundstück,https://www.youtube.com/watch?v=9RBfh45ZPX4&t=19,9RBfh45ZPX4,So wehrst du dich gegen zu hohe Werte vom Finanzamt
q0535,ö buv sachverständige immobilienbewertung,https://www.youtube.com/watch?v=D0f2d90EgnA&t=1,D0f2d90EgnA,SIHK erklärt: Wie werde ich ein öffentlich bestellter und ...
q0536,öffentlich bestellte und vereidigte sachverständige immobilien,https://www.youtube.com/watch?v=D0f2d90EgnA&t=1,D0f2d90EgnA,SIHK erklärt: Wie werde ich ein öffentlich bestellter und ...
