query_id,query,video_id,url,is_short,t,title
q0004,haus schätzen lassen,4T2VvGrxics,https://www.youtube.com/watch?v=4T2VvGrxics&t=93,False,93.0,Immobilienbewertung: In 4 Schritten einfach erklärt
q0004,haus schätzen lassen,9580eaI-AkE,https://www.youtube.com/watch?v=9580eaI-AkE&t=118,False,118.0,Haus bewerten: Brauchen Sie einen teuren Gutachter?
q0005,haus bewerten,4T2VvGrxics,https://www.youtube.com/watch?v=4T2VvGrxics&t=64,False,64.0,Immobilienbewertung: In 4 Schritten einfach erklärt
q0005,haus bewerten,LrbE5Wf92TI,https://www.youtube.com/watch?v=LrbE5Wf92TI&t=2,False,2.0,Immobilienwert ermitteln: Die 3 Verfahren & häufigsten ...
q0006,immobilienwert berechnen,3mI_scFJPPI,https://www.youtube.com/watch?v=3mI_scFJPPI,False,,Immobilienwert berechnen
q0006,immobilienwert berechnen,LrbE5Wf92TI,https://www.youtube.com/watch?v=LrbE5Wf92TI&t=2,False,2.0,Immobilienwert ermitteln: Die 3 Verfahren & häufigsten ...
q0006,immobilienwert berechnen,Rptf4MMbBlM,https://www.youtube.com/watch?v=Rptf4MMbBlM&t=155,False,155.0,So bestimmst du den Wert deiner Immobilie | Baufi Basics
q0007,hausbewertung,4T2VvGrxics,https://www.youtube.com/watch?v=4T2VvGrxics&t=64,False,64.0,Immobilienbewertung: In 4 Schritten einfach erklärt
q0009,immobilie bewerten lassen,Rptf4MMbBlM,https://www.youtube.com/watch?v=Rptf4MMbBlM&t=155,False,155.0,So bestimmst du den Wert deiner Immobilie | Baufi Basics
q0009,immobilie bewerten lassen,4T2VvGrxics,https://www.youtube.com/watch?v=4T2VvGrxics&t=64,False,64.0,Immobilienbewertung: In 4 Schritten einfach erklärt
q0009,immobilie bewerten lassen,LrbE5Wf92TI,https://www.youtube.com/watch?v=LrbE5Wf92TI&t=2,False,2.0,Immobilienwert ermitteln: Die 3 Verfahren & häufigsten ...
q0009,immobilie bewerten lassen,XVJbxVWXt8k,https://www.youtube.com/watch?v=XVJbxVWXt8k&t=76,False,76.0,Kostenfreier Immobilienwert-Rechner OHNE Angabe ...
q0010,wohnung schätzen lassen,4T2VvGrxics,https://www.youtube.com/watch?v=4T2VvGrxics&t=93,False,93.0,Immobilienbewertung: In 4 Schritten einfach erklärt
q0010,wohnung schätzen lassen,Rptf4MMbBlM,https://www.youtube.com/watch?v=Rptf4MMbBlM&t=155,False,155.0,So bestimmst du den Wert deiner Immobilie | Baufi Basics
q0010,wohnung schätzen lassen,LrbE5Wf92TI,https://www.youtube.com/watch?v=LrbE5Wf92TI&t=2,False,2.0,Immobilienwert ermitteln: Die 3 Verfahren & häufigsten ...
q0010,wohnung schätzen lassen,XVJbxVWXt8k,https://www.youtube.com/watch?v=XVJbxVWXt8k&t=76,False,76.0,Kostenfreier Immobilienwert-Rechner OHNE Angabe ...
q0014,wert einer immobilie ermitteln,LrbE5Wf92TI,https://www.youtube.com/watch?v=LrbE5Wf92TI&t=2,False,2.0,Immobilienwert ermitteln: Die 3 Verfahren & häufigsten ...
q0014,wert einer immobilie ermitteln,NlYb0GbVA9Y,https://www.youtube.com/shorts/NlYb0GbVA9Y,True,,Wie wird der Verkehrswert einer Immobilie ermittelt? ...
q0014,wert einer immobilie ermitteln,BCoAKw1truA,https://www.youtube.com/shorts/BCoAKw1truA,True,,"Sie möchten wissen, was Ihre Immobilie wert ist?"
q0016,immobilienwert schätzen,LrbE5Wf92TI,https://www.youtube.com/watch?v=LrbE5Wf92TI&t=2,False,2.0,Immobilienwert ermitteln: Die 3 Verfahren & häufigsten Fehler erklärt
q0017,marktwert immobilie berechnen,LrbE5Wf92TI,https://www.youtube.com/watch?v=LrbE5Wf92TI&t=2,False,2.0,Immobilienwert ermitteln: Die 3 Verfahren & häufigsten Fehler erklärt
q0017,marktwert immobilie berechnen,Rptf4MMbBlM,https://www.youtube.com/watch?v=Rptf4MMbBlM&t=155,False,155.0,So bestimmst du den Wert deiner Immobilie | Baufi Basics
q0020,verkehrswert haus berechnen,IYFKgHc1nwI,https://www.youtube.com/watch?v=IYFKgHc1nwI,False,,Ganz einfach Immobilienwert berechnen ...
q0020,verkehrswert haus berechnen,gU7GFsBMVcE,https://www.youtube.com/watch?v=gU7GFsBMVcE,False,,3 Methoden: Immobilienwert ermitteln | Baufinanzierung leicht gemacht
q0020,verkehrswert haus berechnen,f-xvoOYB5zI,https://www.youtube.com/watch?v=f-xvoOYB5zI,False,,How to determine the value of a property
q0020,verkehrswert haus berechnen,NlYb0GbVA9Y,https://www.youtube.com/shorts/NlYb0GbVA9Y,True,,Wie wird der Verkehrswert einer Immobilie ermittelt? ...
q0023,schätzung immobilienwert,LrbE5Wf92TI,https://www.youtube.com/watch?v=LrbE5Wf92TI&t=2,False,2.0,Immobilienwert ermitteln: Die 3 Verfahren & häufigsten Fehler erklärt
q0026,eigentumswohnung bewerten,BCoAKw1truA,https://www.youtube.com/shorts/BCoAKw1truA,True,,"Sie möchten wissen, was Ihre Immobilie wert ist?"
q0028,kurzgutachten haus,R8YSODNK9lY,https://www.youtube.com/watch?v=R8YSODNK9lY&t=120,False,120.0,📈🏡📉Hauswert bestimmen: Gutachter oder Makler?📈🏡📉
q0028,kurzgutachten haus,zQgPnnVetjs,https://www.youtube.com/watch?v=zQgPnnVetjs&t=242,False,242.0,Verkehrswertgutachten für Immobilien - Das sollte man wissen!
q0028,kurzgutachten haus,JD_4Gt9nTGw,https://www.youtube.com/watch?v=JD_4Gt9nTGw,False,,So ermittelt ein Gutachter Immobilienwerte
q0028,kurzgutachten haus,NFgSJWRNKa4,https://www.youtube.com/watch?v=NFgSJWRNKa4,False,,Der Weg zur professionellen Immobilienbewertung
q0029,verkehrswert haus ermitteln,IYFKgHc1nwI,https://www.youtube.com/watch?v=IYFKgHc1nwI,False,,Ganz einfach Immobilienwert berechnen ...
q0029,verkehrswert haus ermitteln,gU7GFsBMVcE,https://www.youtube.com/watch?v=gU7GFsBMVcE,False,,3 Methoden: Immobilienwert ermitteln | Baufinanzierung leicht gemacht
q0029,verkehrswert haus ermitteln,f-xvoOYB5zI,https://www.youtube.com/watch?v=f-xvoOYB5zI,False,,How to determine the value of a property
q0029,verkehrswert haus ermitteln,NlYb0GbVA9Y,https://www.youtube.com/shorts/NlYb0GbVA9Y,True,,Wie wird der Verkehrswert einer Immobilie ermittelt? ...
q0030,immobilien bewertungstool,Y8LsivXrDaQ,https://www.youtube.com/watch?v=Y8LsivXrDaQ,False,,So ersetzt KI die klassische Immobilienbewertung. Fast alle ...
q0030,immobilien bewertungstool,BCoAKw1truA,https://www.youtube.com/shorts/BCoAKw1truA,True,,"Sie möchten wissen, was Ihre Immobilie wert ist?"
q0031,immobilienbewertung kosten,9580eaI-AkE,https://www.youtube.com/watch?v=9580eaI-AkE&t=118,False,118.0,Haus bewerten: Brauchen Sie einen teuren Gutachter?
q0032,immobilie wert,Rptf4MMbBlM,https://www.youtube.com/watch?v=Rptf4MMbBlM&t=81,False,81.0,So bestimmst du den Wert deiner Immobilie | Baufi Basics
q0032,immobilie wert,LrbE5Wf92TI,https://www.youtube.com/watch?v=LrbE5Wf92TI&t=2,False,2.0,Immobilienwert ermitteln: Die 3 Verfahren & häufigsten ...
q0032,immobilie wert,NlYb0GbVA9Y,https://www.youtube.com/shorts/NlYb0GbVA9Y,True,,Wie wird der Verkehrswert einer Immobilie ermittelt? ...
q0033,haus bewerten lassen kosten,9580eaI-AkE,https://www.youtube.com/watch?v=9580eaI-AkE&t=118,False,118.0,Haus bewerten: Brauchen Sie einen teuren Gutachter?
q0033,haus bewerten lassen kosten,TzVR5ww9eaM,https://www.youtube.com/watch?v=TzVR5ww9eaM&t=40,False,40.0,Haus verkaufen Kosten - Was kostet ein Energieausweis?
q0034,verkehrswert wohnung ermitteln,gU7GFsBMVcE,https://www.youtube.com/watch?v=gU7GFsBMVcE,False,,3 Methoden: Immobilienwert ermitteln | Baufinanzierung leicht ...
q0034,verkehrswert wohnung ermitteln,IYFKgHc1nwI,https://www.youtube.com/watch?v=IYFKgHc1nwI,False,,Ganz einfach Immobilienwert berechnen ...
q0034,verkehrswert wohnung ermitteln,Rptf4MMbBlM,https://www.youtube.com/watch?v=Rptf4MMbBlM&t=155,False,155.0,So bestimmst du den Wert deiner Immobilie | Baufi Basics
q0035,vergleichswertverfahren,FnLsjjGd-S8,https://www.youtube.com/watch?v=FnLsjjGd-S8,False,,Bewertung von Einfamilienhaus / Zweifamilienhaus
q0035,vergleichswertverfahren,WCbxP8HCf4Q,https://www.youtube.com/watch?v=WCbxP8HCf4Q&t=102,False,102.0,"Vergleichswertverfahren, Sachwertverfahren und ..."
q0036,wertgutachten haus erbschaft,Dh7wGNaSgnw,https://www.youtube.com/watch?v=Dh7wGNaSgnw&t=103,False,103.0,Die 4 häufigsten Fehler bei der Immobilienbewertung ...
q0036,wertgutachten haus erbschaft,lDqUowuQw5M,https://www.youtube.com/watch?v=lDqUowuQw5M,False,,So wird deine Immobilie bewertet (und so kann man sparen)
q0036,wertgutachten haus erbschaft,L6TK5Y_PWfw,https://www.youtube.com/watch?v=L6TK5Y_PWfw,False,,Property valuation in inheritance tax: Proof of a lower value by ...
q0039,haus schätzen lassen gutachter,9580eaI-AkE,https://www.youtube.com/watch?v=9580eaI-AkE&t=118,False,118.0,Haus bewerten: Brauchen Sie einen teuren Gutachter?
q0039,haus schätzen lassen gutachter,4T2VvGrxics,https://www.youtube.com/watch?v=4T2VvGrxics&t=93,False,93.0,Immobilienbewertung: In 4 Schritten einfach erklärt
q0040,gutachter immobilien kosten,zQgPnnVetjs,https://www.youtube.com/watch?v=zQgPnnVetjs&t=242,False,242.0,Das sollte man wissen! - Sachverständiger Matthias Mertens
q0040,gutachter immobilien kosten,f-xvoOYB5zI,https://www.youtube.com/watch?v=f-xvoOYB5zI&t=393,False,393.0,How to determine the value of a property
q0041,wertgutachten haus erbschaft kosten,-mXGCDQ12zY,https://www.youtube.com/watch?v=-mXGCDQ12zY&t=319,False,319.0,Pflichtteil: Immobilie im Nachlass. Wie wird der Wert ermittelt? Wer trägt die ...
q0041,wertgutachten haus erbschaft kosten,eIYTOCeeuCI,https://www.youtube.com/watch?v=eIYTOCeeuCI&t=422,False,422.0,So sparst du mit einem Gutachten Geld | BMK Steuertalk
q0043,hausschätzung kosten,9580eaI-AkE,https://www.youtube.com/watch?v=9580eaI-AkE&t=118,False,118.0,Haus bewerten: Brauchen Sie einen teuren Gutachter?
q0045,immobilie bewerten lassen kosten,9580eaI-AkE,https://www.youtube.com/watch?v=9580eaI-AkE&t=118,False,118.0,Haus bewerten: Brauchen Sie einen teuren Gutachter?
q0048,hausbewertung kosten,9580eaI-AkE,https://www.youtube.com/watch?v=9580eaI-AkE&t=118,False,118.0,Haus bewerten: Brauchen Sie einen teuren Gutachter?
q0050,immobiliengutachter kosten,9580eaI-AkE,https://www.youtube.com/watch?v=9580eaI-AkE&t=118,False,118.0,Haus bewerten: Brauchen Sie einen teuren Gutachter?
q0051,immobilienwert bestimmen,3mI_scFJPPI,https://www.youtube.com/watch?v=3mI_scFJPPI,False,,Immobilienwert berechnen
q0051,immobilienwert bestimmen,LrbE5Wf92TI,https://www.youtube.com/watch?v=LrbE5Wf92TI&t=2,False,2.0,Immobilienwert ermitteln: Die 3 Verfahren & häufigsten ...
q0051,immobilienwert bestimmen,NlYb0GbVA9Y,https://www.youtube.com/shorts/NlYb0GbVA9Y,True,,Wie wird der Verkehrswert einer Immobilie ermittelt? ...
q0052,wohnung wert schätzen,BCoAKw1truA,https://www.youtube.com/shorts/BCoAKw1truA,True,,"Sie möchten wissen, was Ihre Immobilie wert ist?"
q0052,wohnung wert schätzen,NlYb0GbVA9Y,https://www.youtube.com/shorts/NlYb0GbVA9Y,True,,Wie wird der Verkehrswert einer Immobilie ermittelt? ...
q0057,immobilienschätzung kosten,LrbE5Wf92TI,https://www.youtube.com/watch?v=LrbE5Wf92TI&t=2,False,2.0,Immobilienwert ermitteln: Die 3 Verfahren & häufigsten ...
q0057,immobilienschätzung kosten,9580eaI-AkE,https://www.youtube.com/watch?v=9580eaI-AkE&t=118,False,118.0,Haus bewerten: Brauchen Sie einen teuren Gutachter?
q0057,immobilienschätzung kosten,Rptf4MMbBlM,https://www.youtube.com/watch?v=Rptf4MMbBlM&t=155,False,155.0,So bestimmst du den Wert deiner Immobilie | Baufi Basics
q0059,berechnung verkehrswert haus,IYFKgHc1nwI,https://www.youtube.com/watch?v=IYFKgHc1nwI,False,,Ganz einfach Immobilienwert berechnen ...
q0059,berechnung verkehrswert haus,gU7GFsBMVcE,https://www.youtube.com/watch?v=gU7GFsBMVcE,False,,3 Methoden: Immobilienwert ermitteln | Baufinanzierung leicht gemacht
q0059,berechnung verkehrswert haus,f-xvoOYB5zI,https://www.youtube.com/watch?v=f-xvoOYB5zI,False,,How to determine the value of a property
q0059,berechnung verkehrswert haus,NlYb0GbVA9Y,https://www.youtube.com/shorts/NlYb0GbVA9Y,True,,Wie wird der Verkehrswert einer Immobilie ermittelt? ...
q0060,marktwert wohnung ermitteln,f-xvoOYB5zI,https://www.youtube.com/watch?v=f-xvoOYB5zI&t=612,False,612.0,How to determine the value of a property
q0060,marktwert wohnung ermitteln,Rptf4MMbBlM,https://www.youtube.com/watch?v=Rptf4MMbBlM,False,,So bestimmst du den Wert deiner Immobilie | Baufi Basics
q0060,marktwert wohnung ermitteln,XVJbxVWXt8k,https://www.youtube.com/watch?v=XVJbxVWXt8k&t=76,False,76.0,Kostenfreier Immobilienwert-Rechner OHNE Angabe ...
q0061,immobilienbewertungssoftware,wYpTiDOcJ3M,https://www.youtube.com/watch?v=wYpTiDOcJ3M,False,,LORA Maklerbewertung | powered by on-geo GmbH
q0062,immobilienwert schätzen lassen,4T2VvGrxics,https://www.youtube.com/watch?v=4T2VvGrxics&t=93,False,93.0,Immobilienbewertung: In 4 Schritten einfach erklärt
q0063,haus verkehrswert berechnen,IYFKgHc1nwI,https://www.youtube.com/watch?v=IYFKgHc1nwI,False,,Ganz einfach Immobilienwert berechnen ...
q0063,haus verkehrswert berechnen,gU7GFsBMVcE,https://www.youtube.com/watch?v=gU7GFsBMVcE,False,,3 Methoden: Immobilienwert ermitteln | Baufinanzierung leicht gemacht
q0063,haus verkehrswert berechnen,f-xvoOYB5zI,https://www.youtube.com/watch?v=f-xvoOYB5zI,False,,How to determine the value of a property
q0063,haus verkehrswert berechnen,NlYb0GbVA9Y,https://www.youtube.com/shorts/NlYb0GbVA9Y,True,,Wie wird der Verkehrswert einer Immobilie ermittelt? ...
q0065,verkehrswert wohnung berechnen,f-xvoOYB5zI,https://www.youtube.com/watch?v=f-xvoOYB5zI&t=10,False,10.0,How to determine the value of a property
q0065,verkehrswert wohnung berechnen,XVJbxVWXt8k,https://www.youtube.com/watch?v=XVJbxVWXt8k&t=76,False,76.0,Kostenfreier Immobilienwert-Rechner OHNE Angabe ...
q0065,verkehrswert wohnung berechnen,NlYb0GbVA9Y,https://www.youtube.com/shorts/NlYb0GbVA9Y,True,,Wie wird der Verkehrswert einer Immobilie ermittelt? ...
q0067,unabhängige immobilienbewertung,MQxTPIe0QXk,https://www.youtube.com/watch?v=MQxTPIe0QXk&t=345,False,345.0,"Die 3 Wege, eine Immobilie richtig zu bewerten"
q0067,unabhängige immobilienbewertung,9580eaI-AkE,https://www.youtube.com/watch?v=9580eaI-AkE&t=118,False,118.0,Haus bewerten: Brauchen Sie einen teuren Gutachter?
q0069,hedonistische schätzung,g1EL1Y_p-Ic,https://www.youtube.com/watch?v=g1EL1Y_p-Ic&t=4,False,4.0,HEV Zürich Ratgeber: Was versteht man unter einer ...
q0070,wertgutachten wohnung,zQgPnnVetjs,https://www.youtube.com/watch?v=zQgPnnVetjs,False,,Das sollte man wissen! - Sachverständiger Matthias Mertens
q0070,wertgutachten wohnung,JD_4Gt9nTGw,https://www.youtube.com/watch?v=JD_4Gt9nTGw,False,,So ermittelt ein Gutachter Immobilienwerte
q0070,wertgutachten wohnung,NFgSJWRNKa4,https://www.youtube.com/watch?v=NFgSJWRNKa4,False,,Der Weg zur professionellen Immobilienbewertung
q0070,wertgutachten wohnung,Rptf4MMbBlM,https://www.youtube.com/watch?v=Rptf4MMbBlM&t=29,False,29.0,So bestimmst du den Wert deiner Immobilie | Baufi Basics
q0070,wertgutachten wohnung,6y_6D7eIBRg,https://www.youtube.com/watch?v=6y_6D7eIBRg&t=279,False,279.0,So wird der Wert einer Immobilie richtig ermittelt
q0073,kosten wertgutachten haus,9580eaI-AkE,https://www.youtube.com/watch?v=9580eaI-AkE&t=118,False,118.0,Haus bewerten: Brauchen Sie einen teuren Gutachter?
q0073,kosten wertgutachten haus,TzVR5ww9eaM,https://www.youtube.com/watch?v=TzVR5ww9eaM&t=40,False,40.0,Haus verkaufen Kosten - Was kostet ein Energieausweis?
q0078,kosten immobilienbewertung,9580eaI-AkE,https://www.youtube.com/watch?v=9580eaI-AkE&t=118,False,118.0,Haus bewerten: Brauchen Sie einen teuren Gutachter?
q0084,wert von immobilie ermitteln,gU7GFsBMVcE,https://www.youtube.com/watch?v=gU7GFsBMVcE&t=241,False,241.0,Immobilienwert ermitteln | Baufinanzierung leicht gemacht
q0084,wert von immobilie ermitteln,Rptf4MMbBlM,https://www.youtube.com/watch?v=Rptf4MMbBlM&t=81,False,81.0,So bestimmst du den Wert deiner Immobilie | Baufi Basics
q0084,wert von immobilie ermitteln,LrbE5Wf92TI,https://www.youtube.com/watch?v=LrbE5Wf92TI&t=2,False,2.0,Immobilienwert ermitteln: Die 3 Verfahren & häufigsten ...
q0084,wert von immobilie ermitteln,NlYb0GbVA9Y,https://www.youtube.com/shorts/NlYb0GbVA9Y,True,,Wie wird der Verkehrswert einer Immobilie ermittelt? ...
q0084,wert von immobilie ermitteln,BCoAKw1truA,https://www.youtube.com/shorts/BCoAKw1truA,True,,"Sie möchten wissen, was Ihre Immobilie wert ist?"
q0087,anonyme immobilienbewertung,XVJbxVWXt8k,https://www.youtube.com/watch?v=XVJbxVWXt8k&t=76,False,76.0,Kostenfreier Immobilienwert-Rechner OHNE Angabe ...
q0090,immobilienbewertung ohne persönliche angaben,XVJbxVWXt8k,https://www.youtube.com/watch?v=XVJbxVWXt8k&t=76,False,76.0,Kostenfreier Immobilienwert-Rechner OHNE Angabe ...
q0091,wohnungswert schätzen lassen,LrbE5Wf92TI,https://www.youtube.com/watch?v=LrbE5Wf92TI&t=2,False,2.0,Immobilienwert ermitteln: Die 3 Verfahren & häufigsten ...
q0092,mein haus bewerten,Rptf4MMbBlM,https://www.youtube.com/watch?v=Rptf4MMbBlM&t=81,False,81.0,So bestimmst du den Wert deiner Immobilie | Baufi Basics
q0092,mein haus bewerten,LrbE5Wf92TI,https://www.youtube.com/watch?v=LrbE5Wf92TI&t=2,False,2.0,Immobilienwert ermitteln: Die 3 Verfahren & häufigsten ...
q0092,mein haus bewerten,BCoAKw1truA,https://www.youtube.com/shorts/BCoAKw1truA,True,,"Sie möchten wissen, was Ihre Immobilie wert ist?"
q0092,mein haus bewerten,XVJbxVWXt8k,https://www.youtube.com/watch?v=XVJbxVWXt8k&t=76,False,76.0,Kostenfreier Immobilienwert-Rechner OHNE Angabe ...
q0093,immobilienbewertung mehrfamilienhaus,LrbE5Wf92TI,https://www.youtube.com/watch?v=LrbE5Wf92TI&t=2,False,2.0,Immobilienwert ermitteln: Die 3 Verfahren & häufigsten ...
q0093,immobilienbewertung mehrfamilienhaus,hoiJGM80MRU,https://www.youtube.com/watch?v=hoiJGM80MRU&t=364,False,364.0,So bewerte ich Mehrfamilienhäuser [Profi-Investor Martin ...
q0093,immobilienbewertung mehrfamilienhaus,Rptf4MMbBlM,https://www.youtube.com/watch?v=Rptf4MMbBlM&t=155,False,155.0,So bestimmst du den Wert deiner Immobilie | Baufi Basics
q0093,immobilienbewertung mehrfamilienhaus,lDqUowuQw5M,https://www.youtube.com/watch?v=lDqUowuQw5M,False,,So wird deine Immobilie bewertet (und so kann man sparen)
q0095,wohnung bewerten lassen kosten,9580eaI-AkE,https://www.youtube.com/watch?v=9580eaI-AkE&t=118,False,118.0,Haus bewerten: Brauchen Sie einen teuren Gutachter?
q0098,immobilien schätzwert,Rptf4MMbBlM,https://www.youtube.com/watch?v=Rptf4MMbBlM,False,,So bestimmst du den Wert deiner Immobilie | Baufi Basics
q0098,immobilien schätzwert,NlYb0GbVA9Y,https://www.youtube.com/shorts/NlYb0GbVA9Y,True,,Wie wird der Verkehrswert einer Immobilie ermittelt? ...
q0101,haus grundstück wert schätzen,3mI_scFJPPI,https://www.youtube.com/watch?v=3mI_scFJPPI,False,,Immobilienwert berechnen
q0103,immobilienbewertungstool,Y8LsivXrDaQ,https://www.youtube.com/watch?v=Y8LsivXrDaQ,False,,So ersetzt KI die klassische Immobilienbewertung. Fast alle ...
q0103,immobilienbewertungstool,BCoAKw1truA,https://www.youtube.com/shorts/BCoAKw1truA,True,,"Sie möchten wissen, was Ihre Immobilie wert ist?"
q0106,kurzgutachten haus kosten,9580eaI-AkE,https://www.youtube.com/watch?v=9580eaI-AkE&t=118,False,118.0,Haus bewerten: Brauchen Sie einen teuren Gutachter?
q0107,gutachten immobilienwert,zQgPnnVetjs,https://www.youtube.com/watch?v=zQgPnnVetjs,False,,Das sollte man wissen! - Sachverständiger Matthias Mertens
q0107,gutachten immobilienwert,9580eaI-AkE,https://www.youtube.com/watch?v=9580eaI-AkE&t=118,False,118.0,Haus bewerten: Brauchen Sie einen teuren Gutachter?
q0107,gutachten immobilienwert,6y_6D7eIBRg,https://www.youtube.com/watch?v=6y_6D7eIBRg&t=279,False,279.0,So wird der Wert einer Immobilie richtig ermittelt
q0110,immobilienbewertung tool,Y8LsivXrDaQ,https://www.youtube.com/watch?v=Y8LsivXrDaQ,False,,So ersetzt KI die klassische Immobilienbewertung. Fast alle ...
q0110,immobilienbewertung tool,BCoAKw1truA,https://www.youtube.com/shorts/BCoAKw1truA,True,,"Sie möchten wissen, was Ihre Immobilie wert ist?"
q0111,verkehrswert eigentumswohnung ermitteln,NlYb0GbVA9Y,https://www.youtube.com/shorts/NlYb0GbVA9Y,True,,Wie wird der Verkehrswert einer Immobilie ermittelt? ...
q0111,verkehrswert eigentumswohnung ermitteln,gU7GFsBMVcE,https://www.youtube.com/watch?v=gU7GFsBMVcE&t=75,False,75.0,3 Methoden: Immobilienwert ermitteln | Baufinanzierung leicht gemacht
q0111,verkehrswert eigentumswohnung ermitteln,Rptf4MMbBlM,https://www.youtube.com/watch?v=Rptf4MMbBlM&t=155,False,155.0,So bestimmst du den Wert deiner Immobilie | Baufi Basics
q0115,verkehrswert haus schätzen,NlYb0GbVA9Y,https://www.youtube.com/shorts/NlYb0GbVA9Y,True,,Wie wird der Verkehrswert einer Immobilie ermittelt? ...
q0115,verkehrswert haus schätzen,f-xvoOYB5zI,https://www.youtube.com/watch?v=f-xvoOYB5zI&t=393,False,393.0,How to determine the value of a property
q0115,verkehrswert haus schätzen,vKqZC7WW4wM,https://www.youtube.com/watch?v=vKqZC7WW4wM&t=73,False,73.0,Was ist ein Verkehrswert? Was ist der Marktwert einer Immobilie?
q0121,haus verkehrswert ermitteln,IYFKgHc1nwI,https://www.youtube.com/watch?v=IYFKgHc1nwI,False,,Ganz einfach Immobilienwert berechnen ...
q0121,haus verkehrswert ermitteln,gU7GFsBMVcE,https://www.youtube.com/watch?v=gU7GFsBMVcE,False,,3 Methoden: Immobilienwert ermitteln | Baufinanzierung leicht gemacht
q0121,haus verkehrswert ermitteln,f-xvoOYB5zI,https://www.youtube.com/watch?v=f-xvoOYB5zI,False,,How to determine the value of a property
q0121,haus verkehrswert ermitteln,NlYb0GbVA9Y,https://www.youtube.com/shorts/NlYb0GbVA9Y,True,,Wie wird der Verkehrswert einer Immobilie ermittelt? ...
q0126,gutachter für immobilien kosten,9580eaI-AkE,https://www.youtube.com/watch?v=9580eaI-AkE&t=118,False,118.0,Haus bewerten: Brauchen Sie einen teuren Gutachter?
q0126,gutachter für immobilien kosten,WMpK_R_iAKM,https://www.youtube.com/watch?v=WMpK_R_iAKM,False,,Was kostet ein Baugutachter
q0127,verkehrswert ermitteln haus,IYFKgHc1nwI,https://www.youtube.com/watch?v=IYFKgHc1nwI,False,,Ganz einfach Immobilienwert berechnen ...
q0127,verkehrswert ermitteln haus,gU7GFsBMVcE,https://www.youtube.com/watch?v=gU7GFsBMVcE,False,,3 Methoden: Immobilienwert ermitteln | Baufinanzierung leicht gemacht
q0127,verkehrswert ermitteln haus,f-xvoOYB5zI,https://www.youtube.com/watch?v=f-xvoOYB5zI,False,,How to determine the value of a property
q0127,verkehrswert ermitteln haus,NlYb0GbVA9Y,https://www.youtube.com/shorts/NlYb0GbVA9Y,True,,Wie wird der Verkehrswert einer Immobilie ermittelt? ...
q0128,immobilienbewertung für makler,LrbE5Wf92TI,https://www.youtube.com/watch?v=LrbE5Wf92TI&t=2,False,2.0,Immobilienwert ermitteln: Die 3 Verfahren & häufigsten ...
q0128,immobilienbewertung für makler,BCoAKw1truA,https://www.youtube.com/shorts/BCoAKw1truA,True,,"Sie möchten wissen, was Ihre Immobilie wert ist?"
q0129,wertgutachten grundstück,zQgPnnVetjs,https://www.youtube.com/watch?v=zQgPnnVetjs,False,,Das sollte man wissen! - Sachverständiger Matthias Mertens
q0129,wertgutachten grundstück,lDqUowuQw5M,https://www.youtube.com/watch?v=lDqUowuQw5M&t=180,False,180.0,So wird deine Immobilie bewertet (und so kann man sparen)
q0130,immobilienbewertung schenkung,9cVihfikNMI,https://www.youtube.com/watch?v=9cVihfikNMI&t=37,False,37.0,Valuation of real estate for gift and inheritance tax since 2023
q0130,immobilienbewertung schenkung,k20NWUux7jQ,https://www.youtube.com/watch?v=k20NWUux7jQ&t=307,False,307.0,Immobilie schenken ohne Steuer - Nießbrauch richtig berechnen!
q0130,immobilienbewertung schenkung,lDqUowuQw5M,https://www.youtube.com/watch?v=lDqUowuQw5M,False,,So wird deine Immobilie bewertet (und so kann man sparen) | BMK Steuertalk
q0130,immobilienbewertung schenkung,hOLFlgjIY6Y,https://www.youtube.com/watch?v=hOLFlgjIY6Y&t=12,False,12.0,Immobilien übertragen: Wann gelten Vergleichswerte?
q0131,wohnung wert schätzen lassen,LrbE5Wf92TI,https://www.youtube.com/watch?v=LrbE5Wf92TI&t=2,False,2.0,Immobilienwert ermitteln: Die 3 Verfahren & häufigsten ...
q0136,verkehrswert eines hauses ermitteln,IYFKgHc1nwI,https://www.youtube.com/watch?v=IYFKgHc1nwI,False,,Ganz einfach Immobilienwert berechnen ...
q0136,verkehrswert eines hauses ermitteln,gU7GFsBMVcE,https://www.youtube.com/watch?v=gU7GFsBMVcE,False,,3 Methoden: Immobilienwert ermitteln | Baufinanzierung leicht gemacht
q0136,verkehrswert eines hauses ermitteln,f-xvoOYB5zI,https://www.youtube.com/watch?v=f-xvoOYB5zI,False,,How to determine the value of a property
q0136,verkehrswert eines hauses ermitteln,NlYb0GbVA9Y,https://www.youtube.com/shorts/NlYb0GbVA9Y,True,,Wie wird der Verkehrswert einer Immobilie ermittelt? ...
q0137,wertgutachten wohnung kosten,zQgPnnVetjs,https://www.youtube.com/watch?v=zQgPnnVetjs,False,,Das sollte man wissen! - Sachverständiger Matthias Mertens
q0142,haus wertgutachten kosten,9580eaI-AkE,https://www.youtube.com/watch?v=9580eaI-AkE&t=118,False,118.0,Haus bewerten: Brauchen Sie einen teuren Gutachter?
q0142,haus wertgutachten kosten,WMpK_R_iAKM,https://www.youtube.com/watch?v=WMpK_R_iAKM,False,,Was kostet ein Baugutachter
q0143,grundstücke bewerten,MxZvfCj6vP0,https://www.youtube.com/watch?v=MxZvfCj6vP0&t=52,False,52.0,Bewertung von Immobilen & Grundstücken | Bewertungsrecht 2/7
q0143,grundstücke bewerten,m8f0Gxi9vhw,https://www.youtube.com/watch?v=m8f0Gxi9vhw&t=8,False,8.0,Einführung in die Immobilienbewertung
q0143,grundstücke bewerten,2iWEQ4u6m18,https://www.youtube.com/watch?v=2iWEQ4u6m18&t=8,False,8.0,Wie bewertet man ein Grundstück? Diese Faktoren bestimmen ...
q0145,schätzung verkehrswert immobilie,drSeNonaZ8M,https://www.youtube.com/shorts/drSeNonaZ8M,True,,Was besagt der Verkehrswert einer Immobilie ...
q0146,verkehrswertgutachten haus,_aFi6lxlgzY,https://www.youtube.com/watch?v=_aFi6lxlgzY&t=58,False,58.0,teure Fehler beim Verkehrswertgutachten | Ton Steine ...
q0146,verkehrswertgutachten haus,9580eaI-AkE,https://www.youtube.com/watch?v=9580eaI-AkE&t=118,False,118.0,Haus bewerten: Brauchen Sie einen teuren Gutachter?
q0147,haus schätzen wert,Rptf4MMbBlM,https://www.youtube.com/watch?v=Rptf4MMbBlM&t=81,False,81.0,So bestimmst du den Wert deiner Immobilie | Baufi Basics
q0147,haus schätzen wert,IYFKgHc1nwI,https://www.youtube.com/watch?v=IYFKgHc1nwI,False,,Ganz einfach Immobilienwert berechnen ...
q0147,haus schätzen wert,gU7GFsBMVcE,https://www.youtube.com/watch?v=gU7GFsBMVcE&t=241,False,241.0,Immobilienwert ermitteln | Baufinanzierung leicht gemacht
q0152,verkehrswert einer wohnung berechnen,IYFKgHc1nwI,https://www.youtube.com/watch?v=IYFKgHc1nwI,False,,Ganz einfach Immobilienwert berechnen ...
q0152,verkehrswert einer wohnung berechnen,f-xvoOYB5zI,https://www.youtube.com/watch?v=f-xvoOYB5zI&t=10,False,10.0,How to determine the value of a property
q0152,verkehrswert einer wohnung berechnen,gU7GFsBMVcE,https://www.youtube.com/watch?v=gU7GFsBMVcE,False,,3 Methoden: Immobilienwert ermitteln | Baufinanzierung leicht ...
q0152,verkehrswert einer wohnung berechnen,NlYb0GbVA9Y,https://www.youtube.com/shorts/NlYb0GbVA9Y,True,,Wie wird der Verkehrswert einer Immobilie ermittelt? ...
q0153,verkehrswertgutachten haus kosten,9580eaI-AkE,https://www.youtube.com/watch?v=9580eaI-AkE&t=118,False,118.0,Haus bewerten: Brauchen Sie einen teuren Gutachter?
q0154,verkehrswert vom haus ermitteln,IYFKgHc1nwI,https://www.youtube.com/watch?v=IYFKgHc1nwI,False,,Ganz einfach Immobilienwert berechnen ...
q0154,verkehrswert vom haus ermitteln,gU7GFsBMVcE,https://www.youtube.com/watch?v=gU7GFsBMVcE,False,,3 Methoden: Immobilienwert ermitteln | Baufinanzierung leicht gemacht
q0154,verkehrswert vom haus ermitteln,f-xvoOYB5zI,https://www.youtube.com/watch?v=f-xvoOYB5zI,False,,How to determine the value of a property
q0154,verkehrswert vom haus ermitteln,NlYb0GbVA9Y,https://www.youtube.com/shorts/NlYb0GbVA9Y,True,,Wie wird der Verkehrswert einer Immobilie ermittelt? ...
q0156,immobilienbewertung makler,R8YSODNK9lY,https://www.youtube.com/watch?v=R8YSODNK9lY&t=120,False,120.0,📈🏡📉Hauswert bestimmen: Gutachter oder Makler?📈🏡📉
q0156,immobilienbewertung makler,f-3oFq3pynw,https://www.youtube.com/watch?v=f-3oFq3pynw&t=72,False,72.0,Immobilienbewertung einfach erklärt
q0156,immobilienbewertung makler,LrbE5Wf92TI,https://www.youtube.com/watch?v=LrbE5Wf92TI&t=2,False,2.0,Immobilienwert ermitteln: Die 3 Verfahren & häufigsten ...
q0157,immobiliengutachten erbschaft,lDqUowuQw5M,https://www.youtube.com/watch?v=lDqUowuQw5M,False,,So wird deine Immobilie bewertet (und so kann man sparen) | BMK Steuertalk
q0157,immobiliengutachten erbschaft,eIYTOCeeuCI,https://www.youtube.com/watch?v=eIYTOCeeuCI&t=26,False,26.0,So sparst du mit einem Gutachten Geld | BMK Steuertalk
q0157,immobiliengutachten erbschaft,L6TK5Y_PWfw,https://www.youtube.com/watch?v=L6TK5Y_PWfw,False,,Property valuation in inheritance tax: Proof of a lower value by an expert.
q0158,öffentlich bestellter und vereidigter sachverständiger immobilien münchen,39Jvw3IMwtA,https://www.youtube.com/watch?v=39Jvw3IMwtA&t=49,False,49.0,Öffentlich bestellte oder zertifizierte ...
q0159,verkehrswert eines hauses berechnen,IYFKgHc1nwI,https://www.youtube.com/watch?v=IYFKgHc1nwI,False,,Ganz einfach Immobilienwert berechnen ...
q0159,verkehrswert eines hauses berechnen,gU7GFsBMVcE,https://www.youtube.com/watch?v=gU7GFsBMVcE,False,,3 Methoden: Immobilienwert ermitteln | Baufinanzierung leicht gemacht
q0159,verkehrswert eines hauses berechnen,f-xvoOYB5zI,https://www.youtube.com/watch?v=f-xvoOYB5zI,False,,How to determine the value of a property
q0159,verkehrswert eines hauses berechnen,NlYb0GbVA9Y,https://www.youtube.com/shorts/NlYb0GbVA9Y,True,,Wie wird der Verkehrswert einer Immobilie ermittelt? ...
q0160,immobilie bewerten erbschaft,9cVihfikNMI,https://www.youtube.com/watch?v=9cVihfikNMI&t=37,False,37.0,Valuation of real estate for gift and inheritance tax since 2023
q0160,immobilie bewerten erbschaft,Dh7wGNaSgnw,https://www.youtube.com/watch?v=Dh7wGNaSgnw&t=9,False,9.0,Die 4 häufigsten Fehler bei der Immobilienbewertung ...
q0161,hauswert ermitteln gutachter,JD_4Gt9nTGw,https://www.youtube.com/watch?v=JD_4Gt9nTGw,False,,So ermittelt ein Gutachter Immobilienwerte
q0162,grundstücke schätzen lassen,4T2VvGrxics,https://www.youtube.com/watch?v=4T2VvGrxics&t=93,False,93.0,Immobilienbewertung: In 4 Schritten einfach erklärt
q0162,grundstücke schätzen lassen,9580eaI-AkE,https://www.youtube.com/watch?v=9580eaI-AkE&t=118,False,118.0,Haus bewerten: Brauchen Sie einen teuren Gutachter?
q0162,grundstücke schätzen lassen,XVJbxVWXt8k,https://www.youtube.com/watch?v=XVJbxVWXt8k&t=76,False,76.0,Kostenfreier Immobilienwert-Rechner OHNE Angabe ...
q0163,wert einer wohnung schätzen,IYFKgHc1nwI,https://www.youtube.com/watch?v=IYFKgHc1nwI,False,,Ganz einfach Immobilienwert berechnen ...
q0164,tool immobilienbewertung,Y8LsivXrDaQ,https://www.youtube.com/watch?v=Y8LsivXrDaQ,False,,So ersetzt KI die klassische Immobilienbewertung. Fast alle ...
q0164,tool immobilienbewertung,BCoAKw1truA,https://www.youtube.com/shorts/BCoAKw1truA,True,,"Sie möchten wissen, was Ihre Immobilie wert ist?"
q0166,immobilienbewertung im erbfall,9cVihfikNMI,https://www.youtube.com/watch?v=9cVihfikNMI&t=37,False,37.0,Valuation of real estate for gift and inheritance tax since 2023
q0166,immobilienbewertung im erbfall,Dh7wGNaSgnw,https://www.youtube.com/watch?v=Dh7wGNaSgnw&t=9,False,9.0,Die 4 häufigsten Fehler bei der Immobilienbewertung ...
q0167,staatlich geprüfter gutachter immobilien,HXBoT6ZnfWI,https://www.youtube.com/watch?v=HXBoT6ZnfWI&t=49,False,49.0,Wie werde ich Sachverständige:r für Immobilienbewertung?
q0167,staatlich geprüfter gutachter immobilien,39Jvw3IMwtA,https://www.youtube.com/watch?v=39Jvw3IMwtA&t=49,False,49.0,Öffentlich bestellte oder zertifizierte ...
q0169,wertermittlung immobilie kosten,9580eaI-AkE,https://www.youtube.com/watch?v=9580eaI-AkE&t=118,False,118.0,Haus bewerten: Brauchen Sie einen teuren Gutachter?
q0169,wertermittlung immobilie kosten,LrbE5Wf92TI,https://www.youtube.com/watch?v=LrbE5Wf92TI&t=2,False,2.0,Immobilienwert ermitteln: Die 3 Verfahren & häufigsten ...
q0169,wertermittlung immobilie kosten,XVJbxVWXt8k,https://www.youtube.com/watch?v=XVJbxVWXt8k&t=76,False,76.0,Kostenfreier Immobilienwert-Rechner OHNE Angabe ...
q0171,verkehrswertgutachten erbschaft,L6TK5Y_PWfw,https://www.youtube.com/watch?v=L6TK5Y_PWfw&t=26,False,26.0,Property valuation in inheritance tax: Proof of a lower value by an expert.
q0171,verkehrswertgutachten erbschaft,eIYTOCeeuCI,https://www.youtube.com/watch?v=eIYTOCeeuCI&t=26,False,26.0,So sparst du mit einem Gutachten Geld | BMK Steuertalk
q0173,hausschätzung erbe,-mXGCDQ12zY,https://www.youtube.com/watch?v=-mXGCDQ12zY&t=142,False,142.0,Pflichtteil: Immobilie im Nachlass. Wie wird der Wert ...
q0173,hausschätzung erbe,lDqUowuQw5M,https://www.youtube.com/watch?v=lDqUowuQw5M,False,,So wird deine Immobilie bewertet (und so kann man sparen)
q0179,verkehrswert haus bestimmen,IYFKgHc1nwI,https://www.youtube.com/watch?v=IYFKgHc1nwI,False,,Ganz einfach Immobilienwert berechnen ...
q0179,verkehrswert haus bestimmen,gU7GFsBMVcE,https://www.youtube.com/watch?v=gU7GFsBMVcE,False,,3 Methoden: Immobilienwert ermitteln | Baufinanzierung leicht gemacht
q0179,verkehrswert haus bestimmen,f-xvoOYB5zI,https://www.youtube.com/watch?v=f-xvoOYB5zI,False,,How to determine the value of a property
q0179,verkehrswert haus bestimmen,NlYb0GbVA9Y,https://www.youtube.com/shorts/NlYb0GbVA9Y,True,,Wie wird der Verkehrswert einer Immobilie ermittelt? ...
q0180,immobilienbewertung vor ort,nyaNPOHUXG0,https://www.youtube.com/watch?v=nyaNPOHUXG0&t=205,False,205.0,Wie bewertet man eine Immobilie? Die wichtigsten Schritte ...
q0180,immobilienbewertung vor ort,LrbE5Wf92TI,https://www.youtube.com/watch?v=LrbE5Wf92TI&t=2,False,2.0,Immobilienwert ermitteln: Die 3 Verfahren & häufigsten ...
q0180,immobilienbewertung vor ort,6QT4-ppTxgU,https://www.youtube.com/watch?v=6QT4-ppTxgU&t=62,False,62.0,Hausverkauf: Immobilie richtig bewerten | BAUEN & ...
q0180,immobilienbewertung vor ort,NlYb0GbVA9Y,https://www.youtube.com/shorts/NlYb0GbVA9Y,True,,Wie wird der Verkehrswert einer Immobilie ermittelt? ...
q0182,gutachten verkehrswert immobilie,zQgPnnVetjs,https://www.youtube.com/watch?v=zQgPnnVetjs,False,,Das sollte man wissen! - Sachverständiger Matthias Mertens
q0183,neutrale immobilienbewertung,LrbE5Wf92TI,https://www.youtube.com/watch?v=LrbE5Wf92TI&t=2,False,2.0,Immobilienwert ermitteln: Die 3 Verfahren & häufigsten ...
q0183,neutrale immobilienbewertung,f-3oFq3pynw,https://www.youtube.com/watch?v=f-3oFq3pynw&t=36,False,36.0,Immobilienbewertung einfach erklärt
q0188,staatlich anerkannter immobiliengutachter,R9WZV2qL69o,https://www.youtube.com/watch?v=R9WZV2qL69o,False,,DEKRA Sachverständige für Immobilienbewertung mit ...
q0188,staatlich anerkannter immobiliengutachter,tvtJqp3SSPk,https://www.youtube.com/watch?v=tvtJqp3SSPk,False,,Was macht eigentlich ein Immobiliengutachter? ...
q0188,staatlich anerkannter immobiliengutachter,HXBoT6ZnfWI,https://www.youtube.com/watch?v=HXBoT6ZnfWI&t=49,False,49.0,Wie werde ich Sachverständige:r für Immobilienbewertung?
q0189,verkehrswert einer wohnung ermitteln,gU7GFsBMVcE,https://www.youtube.com/watch?v=gU7GFsBMVcE,False,,3 Methoden: Immobilienwert ermitteln | Baufinanzierung leicht ...
q0189,verkehrswert einer wohnung ermitteln,Rptf4MMbBlM,https://www.youtube.com/watch?v=Rptf4MMbBlM&t=155,False,155.0,So bestimmst du den Wert deiner Immobilie | Baufi Basics
q0190,hausbewertung bei erbschaft,-mXGCDQ12zY,https://www.youtube.com/watch?v=-mXGCDQ12zY&t=319,False,319.0,Pflichtteil: Immobilie im Nachlass. Wie wird der Wert ermittelt? Wer trägt die ...
q0190,hausbewertung bei erbschaft,Dh7wGNaSgnw,https://www.youtube.com/watch?v=Dh7wGNaSgnw&t=103,False,103.0,Die 4 häufigsten Fehler bei der Immobilienbewertung ...
q0190,hausbewertung bei erbschaft,9cVihfikNMI,https://www.youtube.com/watch?v=9cVihfikNMI&t=37,False,37.0,Bewertung von Immobilien für Schenkung- und Erbschaftssteuer
q0191,immobilienbewertung erbpacht,9BW-zokbEHE,https://www.youtube.com/watch?v=9BW-zokbEHE&t=2,False,2.0,Wie bewertet und verkauft man Erbpachtgrundstücke?
q0191,immobilienbewertung erbpacht,kTPJIji_Fp0,https://www.youtube.com/watch?v=kTPJIji_Fp0&t=324,False,324.0,Immobilien-Wertermittlung.de - Berechnung von Erbbaurechten
q0191,immobilienbewertung erbpacht,PSzZ0jFHaBw,https://www.youtube.com/watch?v=PSzZ0jFHaBw,False,,How is a house on leasehold land valued?
q0193,immobilie bewerten münchen,zcog8OUvlhs,https://www.youtube.com/watch?v=zcog8OUvlhs&t=298,False,298.0,4 Bewertungs-Methoden für Immobilien - ein Überblick
q0193,immobilie bewerten münchen,HUsZSxZUcLM,https://www.youtube.com/watch?v=HUsZSxZUcLM,False,,Münchner Stiftung hält dagegen | quer vom BR
q0194,immobilie bewerten kosten,9580eaI-AkE,https://www.youtube.com/watch?v=9580eaI-AkE&t=118,False,118.0,Haus bewerten: Brauchen Sie einen teuren Gutachter?
q0202,gutachter immobilien erbschaft,lDqUowuQw5M,https://www.youtube.com/watch?v=lDqUowuQw5M,False,,So wird deine Immobilie bewertet (und so kann man sparen) | BMK Steuertalk
q0202,gutachter immobilien erbschaft,eIYTOCeeuCI,https://www.youtube.com/watch?v=eIYTOCeeuCI&t=26,False,26.0,So sparst du mit einem Gutachten Geld | BMK Steuertalk
q0202,gutachter immobilien erbschaft,L6TK5Y_PWfw,https://www.youtube.com/watch?v=L6TK5Y_PWfw,False,,Property valuation in inheritance tax: Proof of a lower value by an expert.
q0203,hausbewertung erbschaft,-mXGCDQ12zY,https://www.youtube.com/watch?v=-mXGCDQ12zY&t=319,False,319.0,Pflichtteil: Immobilie im Nachlass. Wie wird der Wert ermittelt? Wer trägt die ...
q0203,hausbewertung erbschaft,Dh7wGNaSgnw,https://www.youtube.com/watch?v=Dh7wGNaSgnw&t=103,False,103.0,Die 4 häufigsten Fehler bei der Immobilienbewertung ...
q0203,hausbewertung erbschaft,9cVihfikNMI,https://www.youtube.com/watch?v=9cVihfikNMI&t=37,False,37.0,Bewertung von Immobilien für Schenkung- und Erbschaftssteuer
q0204,aktuellen verkehrswert ermitteln,NlYb0GbVA9Y,https://www.youtube.com/shorts/NlYb0GbVA9Y,True,,Wie wird der Verkehrswert einer Immobilie ermittelt? ...
q0204,aktuellen verkehrswert ermitteln,LrbE5Wf92TI,https://www.youtube.com/watch?v=LrbE5Wf92TI&t=2,False,2.0,Immobilienwert ermitteln: Die 3 Verfahren & häufigsten ...
q0205,wert haus schätzen lassen,9580eaI-AkE,https://www.youtube.com/watch?v=9580eaI-AkE&t=118,False,118.0,Haus bewerten: Brauchen Sie einen teuren Gutachter?
q0206,gutachten wohnungswert,zQgPnnVetjs,https://www.youtube.com/watch?v=zQgPnnVetjs,False,,Das sollte man wissen! - Sachverständiger Matthias Mertens
q0206,gutachten wohnungswert,NFgSJWRNKa4,https://www.youtube.com/watch?v=NFgSJWRNKa4,False,,Der Weg zur professionellen Immobilienbewertung
q0206,gutachten wohnungswert,9580eaI-AkE,https://www.youtube.com/watch?v=9580eaI-AkE&t=118,False,118.0,Haus bewerten: Brauchen Sie einen teuren Gutachter?
q0206,gutachten wohnungswert,6y_6D7eIBRg,https://www.youtube.com/watch?v=6y_6D7eIBRg&t=279,False,279.0,So wird der Wert einer Immobilie richtig ermittelt
q0208,haus bewerten gutachter,9580eaI-AkE,https://www.youtube.com/watch?v=9580eaI-AkE&t=118,False,118.0,Haus bewerten: Brauchen Sie einen teuren Gutachter?
q0210,ermittlung verkehrswert haus,IYFKgHc1nwI,https://www.youtube.com/watch?v=IYFKgHc1nwI,False,,Ganz einfach Immobilienwert berechnen ...
q0210,ermittlung verkehrswert haus,gU7GFsBMVcE,https://www.youtube.com/watch?v=gU7GFsBMVcE,False,,3 Methoden: Immobilienwert ermitteln | Baufinanzierung leicht gemacht
q0210,ermittlung verkehrswert haus,f-xvoOYB5zI,https://www.youtube.com/watch?v=f-xvoOYB5zI,False,,How to determine the value of a property
q0210,ermittlung verkehrswert haus,NlYb0GbVA9Y,https://www.youtube.com/shorts/NlYb0GbVA9Y,True,,Wie wird der Verkehrswert einer Immobilie ermittelt? ...
q0213,immobilienbewertung scheidung,yJTUZ2FyUm0,https://www.youtube.com/watch?v=yJTUZ2FyUm0&t=118,False,118.0,Immobilienbewertung bei Scheidung / Trennung (Zugewinnausgleich)
q0213,immobilienbewertung scheidung,JaUfgq5n-b0,https://www.youtube.com/watch?v=JaUfgq5n-b0&t=8,False,8.0,Immobilien und Scheidung - Wie wird der Zugewinn berechnet ?
q0213,immobilienbewertung scheidung,BaZwZuqhA5E,https://www.youtube.com/watch?v=BaZwZuqhA5E&t=23,False,23.0,How to evaluate the past (previous date) in the case of donations ...
q0214,immobilienbewertung bei erbschaft,9cVihfikNMI,https://www.youtube.com/watch?v=9cVihfikNMI&t=37,False,37.0,Valuation of real estate for gift and inheritance tax since 2023
q0214,immobilienbewertung bei erbschaft,Dh7wGNaSgnw,https://www.youtube.com/watch?v=Dh7wGNaSgnw&t=9,False,9.0,Die 4 häufigsten Fehler bei der Immobilienbewertung ...
q0215,haus immobilienbewertung,4T2VvGrxics,https://www.youtube.com/watch?v=4T2VvGrxics&t=64,False,64.0,Immobilienbewertung: In 4 Schritten einfach erklärt
q0217,immobilienbewertung bei schenkung,9cVihfikNMI,https://www.youtube.com/watch?v=9cVihfikNMI&t=37,False,37.0,Valuation of real estate for gift and inheritance tax since 2023
q0217,immobilienbewertung bei schenkung,k20NWUux7jQ,https://www.youtube.com/watch?v=k20NWUux7jQ&t=307,False,307.0,Immobilie schenken ohne Steuer - Nießbrauch richtig berechnen!
q0217,immobilienbewertung bei schenkung,lDqUowuQw5M,https://www.youtube.com/watch?v=lDqUowuQw5M,False,,So wird deine Immobilie bewertet (und so kann man sparen) | BMK Steuertalk
q0217,immobilienbewertung bei schenkung,hOLFlgjIY6Y,https://www.youtube.com/watch?v=hOLFlgjIY6Y&t=12,False,12.0,Immobilien übertragen: Wann gelten Vergleichswerte?
q0221,immobilienbewertung bank,OjlhAf-CGDA,https://www.youtube.com/watch?v=OjlhAf-CGDA,False,,Makler vs. Bank: Immobilienbewertung völlig unterschiedlich
q0221,immobilienbewertung bank,jGFp_tyajI4,https://www.youtube.com/watch?v=jGFp_tyajI4,False,,💸 Bank bewertet deine Immobilie zu niedrig? So kannst du ...
q0222,immobilienbewertung ohne kontaktdaten,XVJbxVWXt8k,https://www.youtube.com/watch?v=XVJbxVWXt8k&t=76,False,76.0,Kostenfreier Immobilienwert-Rechner OHNE Angabe ...
q0223,staatlich geprüfter immobiliengutachter,D0f2d90EgnA,https://www.youtube.com/watch?v=D0f2d90EgnA&t=1,False,1.0,SIHK erklärt: Wie werde ich ein öffentlich bestellter und ...
q0224,immobilienbewertung internet,LrbE5Wf92TI,https://www.youtube.com/watch?v=LrbE5Wf92TI&t=2,False,2.0,Immobilienwert ermitteln: Die 3 Verfahren & häufigsten ...
q0225,berechnung verkehrswert wohnung,gU7GFsBMVcE,https://www.youtube.com/watch?v=gU7GFsBMVcE,False,,3 Methoden: Immobilienwert ermitteln | Baufinanzierung leicht ...
q0225,berechnung verkehrswert wohnung,NlYb0GbVA9Y,https://www.youtube.com/shorts/NlYb0GbVA9Y,True,,Wie wird der Verkehrswert einer Immobilie ermittelt? ...
q0226,immobilienwerte ermitteln,LrbE5Wf92TI,https://www.youtube.com/watch?v=LrbE5Wf92TI&t=2,False,2.0,Immobilienwert ermitteln: Die 3 Verfahren & häufigsten ...
q0226,immobilienwerte ermitteln,IYFKgHc1nwI,https://www.youtube.com/watch?v=IYFKgHc1nwI,False,,Ganz einfach Immobilienwert berechnen ...
q0226,immobilienwerte ermitteln,NlYb0GbVA9Y,https://www.youtube.com/shorts/NlYb0GbVA9Y,True,,Wie wird der Verkehrswert einer Immobilie ermittelt? ...
q0226,immobilienwerte ermitteln,Rptf4MMbBlM,https://www.youtube.com/watch?v=Rptf4MMbBlM&t=81,False,81.0,So bestimmst du den Wert deiner Immobilie | Baufi Basics
q0227,verkehrswert einfamilienhaus berechnen,NlYb0GbVA9Y,https://www.youtube.com/shorts/NlYb0GbVA9Y,True,,Wie wird der Verkehrswert einer Immobilie ermittelt? ...
q0229,wertermittlung haus kosten,9580eaI-AkE,https://www.youtube.com/watch?v=9580eaI-AkE&t=118,False,118.0,Haus bewerten: Brauchen Sie einen teuren Gutachter?
q0232,berechnung des verkehrswertes eines hauses,IYFKgHc1nwI,https://www.youtube.com/watch?v=IYFKgHc1nwI,False,,Ganz einfach Immobilienwert berechnen ...
q0232,berechnung des verkehrswertes eines hauses,gU7GFsBMVcE,https://www.youtube.com/watch?v=gU7GFsBMVcE,False,,3 Methoden: Immobilienwert ermitteln | Baufinanzierung leicht gemacht
q0232,berechnung des verkehrswertes eines hauses,f-xvoOYB5zI,https://www.youtube.com/watch?v=f-xvoOYB5zI,False,,How to determine the value of a property
q0232,berechnung des verkehrswertes eines hauses,NlYb0GbVA9Y,https://www.youtube.com/shorts/NlYb0GbVA9Y,True,,Wie wird der Verkehrswert einer Immobilie ermittelt? ...
q0233,eigentumswohnung verkehrswert ermitteln,NlYb0GbVA9Y,https://www.youtube.com/shorts/NlYb0GbVA9Y,True,,Wie wird der Verkehrswert einer Immobilie ermittelt? ...
q0233,eigentumswohnung verkehrswert ermitteln,gU7GFsBMVcE,https://www.youtube.com/watch?v=gU7GFsBMVcE&t=75,False,75.0,3 Methoden: Immobilienwert ermitteln | Baufinanzierung leicht gemacht
q0233,eigentumswohnung verkehrswert ermitteln,Rptf4MMbBlM,https://www.youtube.com/watch?v=Rptf4MMbBlM&t=155,False,155.0,So bestimmst du den Wert deiner Immobilie | Baufi Basics
q0234,verkehrswert einfamilienhaus ermitteln,s7Hb0ZfeGYI,https://www.youtube.com/watch?v=s7Hb0ZfeGYI,False,,Wert für ein selbst genutztes Einfamilienhaus einfach ...
q0234,verkehrswert einfamilienhaus ermitteln,gU7GFsBMVcE,https://www.youtube.com/watch?v=gU7GFsBMVcE,False,,3 Methoden: Immobilienwert ermitteln | Baufinanzierung leicht ...
q0234,verkehrswert einfamilienhaus ermitteln,NlYb0GbVA9Y,https://www.youtube.com/shorts/NlYb0GbVA9Y,True,,Wie wird der Verkehrswert einer Immobilie ermittelt? ...
q0235,hausbewertung durch bank,gU7GFsBMVcE,https://www.youtube.com/watch?v=gU7GFsBMVcE&t=401,False,401.0,3 Methoden: Immobilienwert ermitteln | Baufinanzierung leicht gemacht
q0235,hausbewertung durch bank,jGFp_tyajI4,https://www.youtube.com/watch?v=jGFp_tyajI4&t=148,False,148.0,💸 Bank bewertet deine Immobilie zu niedrig? So kannst du den Wert ...
q0235,hausbewertung durch bank,OjlhAf-CGDA,https://www.youtube.com/watch?v=OjlhAf-CGDA,False,,Immobilienbewertung völlig unterschiedlich – Was tun?
q0235,hausbewertung durch bank,FqgZxHS5Ftw,https://www.youtube.com/watch?v=FqgZxHS5Ftw,False,,Wie viel Geld ist mein Haus wert? Alles zum Beleihungswert
q0236,immobilienbewertung ortsgericht,NFgSJWRNKa4,https://www.youtube.com/watch?v=NFgSJWRNKa4,False,,Schritt für Schritt: Der Weg zur professionellen ...
q0237,immobilienbewertung bei scheidung,yJTUZ2FyUm0,https://www.youtube.com/watch?v=yJTUZ2FyUm0&t=118,False,118.0,Immobilienbewertung bei Scheidung / Trennung (Zugewinnausgleich)
q0237,immobilienbewertung bei scheidung,JaUfgq5n-b0,https://www.youtube.com/watch?v=JaUfgq5n-b0&t=8,False,8.0,Immobilien und Scheidung - Wie wird der Zugewinn berechnet ?
q0237,immobilienbewertung bei scheidung,BaZwZuqhA5E,https://www.youtube.com/watch?v=BaZwZuqhA5E&t=23,False,23.0,How to evaluate the past (previous date) in the case of donations ...
q0238,wohnung verkehrswert ermitteln,NlYb0GbVA9Y,https://www.youtube.com/shorts/NlYb0GbVA9Y,True,,Wie wird der Verkehrswert einer Immobilie ermittelt? ...
q0238,wohnung verkehrswert ermitteln,Rptf4MMbBlM,https://www.youtube.com/watch?v=Rptf4MMbBlM&t=155,False,155.0,So bestimmst du den Wert deiner Immobilie | Baufi Basics
q0239,wohnung verkehrswert berechnen,f-xvoOYB5zI,https://www.youtube.com/watch?v=f-xvoOYB5zI,False,,How to determine the value of a property
q0239,wohnung verkehrswert berechnen,NlYb0GbVA9Y,https://www.youtube.com/shorts/NlYb0GbVA9Y,True,,Wie wird der Verkehrswert einer Immobilie ermittelt? ...
q0240,kosten für hausschätzung,9580eaI-AkE,https://www.youtube.com/watch?v=9580eaI-AkE&t=118,False,118.0,Haus bewerten: Brauchen Sie einen teuren Gutachter?
q0244,immobilienbewertung für schenkung,9cVihfikNMI,https://www.youtube.com/watch?v=9cVihfikNMI&t=37,False,37.0,Valuation of real estate for gift and inheritance tax since 2023
q0244,immobilienbewertung für schenkung,k20NWUux7jQ,https://www.youtube.com/watch?v=k20NWUux7jQ&t=307,False,307.0,Immobilie schenken ohne Steuer - Nießbrauch richtig berechnen!
q0244,immobilienbewertung für schenkung,lDqUowuQw5M,https://www.youtube.com/watch?v=lDqUowuQw5M,False,,So wird deine Immobilie bewertet (und so kann man sparen) | BMK Steuertalk
q0244,immobilienbewertung für schenkung,hOLFlgjIY6Y,https://www.youtube.com/watch?v=hOLFlgjIY6Y&t=12,False,12.0,Immobilien übertragen: Wann gelten Vergleichswerte?
q0246,kosten gutachten immobilie,9580eaI-AkE,https://www.youtube.com/watch?v=9580eaI-AkE&t=118,False,118.0,Haus bewerten: Brauchen Sie einen teuren Gutachter?
q0247,immobilienbewertung eigentumswohnung,Rptf4MMbBlM,https://www.youtube.com/watch?v=Rptf4MMbBlM&t=29,False,29.0,So bestimmst du den Wert deiner Immobilie | Baufi Basics
q0248,immobilienbewertung ertragswertverfahren,uZIx2-RX7wU,https://www.youtube.com/watch?v=uZIx2-RX7wU,False,,Wie ermittelt man einen Ertragswert?
q0248,immobilienbewertung ertragswertverfahren,3HIrWTSoyu0,https://www.youtube.com/watch?v=3HIrWTSoyu0,False,,Immobilienbewertung ...
q0251,verkehrswert gebäude ermitteln,IYFKgHc1nwI,https://www.youtube.com/watch?v=IYFKgHc1nwI,False,,Ganz einfach Immobilienwert berechnen ...
q0251,verkehrswert gebäude ermitteln,gU7GFsBMVcE,https://www.youtube.com/watch?v=gU7GFsBMVcE,False,,3 Methoden: Immobilienwert ermitteln | Baufinanzierung leicht gemacht
q0251,verkehrswert gebäude ermitteln,f-xvoOYB5zI,https://www.youtube.com/watch?v=f-xvoOYB5zI,False,,How to determine the value of a property
q0251,verkehrswert gebäude ermitteln,NlYb0GbVA9Y,https://www.youtube.com/shorts/NlYb0GbVA9Y,True,,Wie wird der Verkehrswert einer Immobilie ermittelt? ...
q0253,gutachten wert immobilie,zQgPnnVetjs,https://www.youtube.com/watch?v=zQgPnnVetjs,False,,Das sollte man wissen! - Sachverständiger Matthias Mertens
q0253,gutachten wert immobilie,6y_6D7eIBRg,https://www.youtube.com/watch?v=6y_6D7eIBRg&t=279,False,279.0,So wird der Wert einer Immobilie richtig ermittelt
q0253,gutachten wert immobilie,NFgSJWRNKa4,https://www.youtube.com/watch?v=NFgSJWRNKa4,False,,Der Weg zur professionellen Immobilienbewertung
q0253,gutachten wert immobilie,f-3oFq3pynw,https://www.youtube.com/watch?v=f-3oFq3pynw&t=72,False,72.0,Immobilienbewertung einfach erklärt
q0254,hausbewertung bank,gU7GFsBMVcE,https://www.youtube.com/watch?v=gU7GFsBMVcE&t=401,False,401.0,3 Methoden: Immobilienwert ermitteln | Baufinanzierung leicht gemacht
q0254,hausbewertung bank,jGFp_tyajI4,https://www.youtube.com/watch?v=jGFp_tyajI4&t=148,False,148.0,💸 Bank bewertet deine Immobilie zu niedrig? So kannst du den Wert ...
q0254,hausbewertung bank,OjlhAf-CGDA,https://www.youtube.com/watch?v=OjlhAf-CGDA,False,,Immobilienbewertung völlig unterschiedlich – Was tun?
q0254,hausbewertung bank,FqgZxHS5Ftw,https://www.youtube.com/watch?v=FqgZxHS5Ftw,False,,Wie viel Geld ist mein Haus wert? Alles zum Beleihungswert
q0256,boris hausbewertung,BfN8NHo78IQ,https://www.youtube.com/watch?v=BfN8NHo78IQ,False,,💡 Bodenrichtwert - Einfach erklärt! 📏
q0259,gutachter immobilien preis,9580eaI-AkE,https://www.youtube.com/watch?v=9580eaI-AkE&t=118,False,118.0,🏡🧐 Haus bewerten: Brauchen Sie einen teuren Gutachter? 🏡🧐
q0260,wertgutachten gewerbeimmobilie,Rptf4MMbBlM,https://www.youtube.com/watch?v=Rptf4MMbBlM&t=81,False,81.0,So bestimmst du den Wert deiner Immobilie | Baufi Basics
q0260,wertgutachten gewerbeimmobilie,zQgPnnVetjs,https://www.youtube.com/watch?v=zQgPnnVetjs,False,,Das sollte man wissen! - Sachverständiger Matthias Mertens
q0260,wertgutachten gewerbeimmobilie,JD_4Gt9nTGw,https://www.youtube.com/watch?v=JD_4Gt9nTGw,False,,So ermittelt ein Gutachter Immobilienwerte
q0260,wertgutachten gewerbeimmobilie,NFgSJWRNKa4,https://www.youtube.com/watch?v=NFgSJWRNKa4,False,,Der Weg zur professionellen Immobilienbewertung
q0262,immobilienbewertungsverfahren,Dh7wGNaSgnw,https://www.youtube.com/watch?v=Dh7wGNaSgnw&t=9,False,9.0,Die 4 häufigsten Fehler bei der Immobilienbewertung ...
q0271,ermittlung verkehrswert eigentumswohnung,NlYb0GbVA9Y,https://www.youtube.com/shorts/NlYb0GbVA9Y,True,,Wie wird der Verkehrswert einer Immobilie ermittelt? ...
q0271,ermittlung verkehrswert eigentumswohnung,gU7GFsBMVcE,https://www.youtube.com/watch?v=gU7GFsBMVcE&t=75,False,75.0,3 Methoden: Immobilienwert ermitteln | Baufinanzierung leicht gemacht
q0271,ermittlung verkehrswert eigentumswohnung,Rptf4MMbBlM,https://www.youtube.com/watch?v=Rptf4MMbBlM&t=155,False,155.0,So bestimmst du den Wert deiner Immobilie | Baufi Basics
q0279,erbe hauswert ermitteln,-mXGCDQ12zY,https://www.youtube.com/watch?v=-mXGCDQ12zY&t=319,False,319.0,Pflichtteil: Immobilie im Nachlass. Wie wird der Wert ermittelt? Wer trägt die ...
q0279,erbe hauswert ermitteln,Dh7wGNaSgnw,https://www.youtube.com/watch?v=Dh7wGNaSgnw&t=103,False,103.0,Die 4 häufigsten Fehler bei der Immobilienbewertung ...
q0279,erbe hauswert ermitteln,9cVihfikNMI,https://www.youtube.com/watch?v=9cVihfikNMI&t=37,False,37.0,Bewertung von Immobilien für Schenkung- und Erbschaftssteuer
q0281,immobilienbewertung erbe,9cVihfikNMI,https://www.youtube.com/watch?v=9cVihfikNMI&t=37,False,37.0,Valuation of real estate for gift and inheritance tax since 2023
q0281,immobilienbewertung erbe,Dh7wGNaSgnw,https://www.youtube.com/watch?v=Dh7wGNaSgnw&t=9,False,9.0,Die 4 häufigsten Fehler bei der Immobilienbewertung ...
q0284,ertragswertmethode immobilienbewertung,uZIx2-RX7wU,https://www.youtube.com/watch?v=uZIx2-RX7wU,False,,Wie ermittelt man einen Ertragswert?
q0284,ertragswertmethode immobilienbewertung,3HIrWTSoyu0,https://www.youtube.com/watch?v=3HIrWTSoyu0,False,,Immobilienbewertung ...
q0285,immobilienwert ermitteln lassen,LrbE5Wf92TI,https://www.youtube.com/watch?v=LrbE5Wf92TI&t=2,False,2.0,Immobilienwert ermitteln: Die 3 Verfahren & häufigsten ...
q0285,immobilienwert ermitteln lassen,IYFKgHc1nwI,https://www.youtube.com/watch?v=IYFKgHc1nwI,False,,Ganz einfach Immobilienwert berechnen ...
q0285,immobilienwert ermitteln lassen,NlYb0GbVA9Y,https://www.youtube.com/shorts/NlYb0GbVA9Y,True,,Wie wird der Verkehrswert einer Immobilie ermittelt? ...
q0286,haus verkehrswert schätzen,NlYb0GbVA9Y,https://www.youtube.com/shorts/NlYb0GbVA9Y,True,,Wie wird der Verkehrswert einer Immobilie ermittelt? ...
q0286,haus verkehrswert schätzen,f-xvoOYB5zI,https://www.youtube.com/watch?v=f-xvoOYB5zI&t=393,False,393.0,How to determine the value of a property
q0286,haus verkehrswert schätzen,vKqZC7WW4wM,https://www.youtube.com/watch?v=vKqZC7WW4wM&t=73,False,73.0,Was ist ein Verkehrswert? Was ist der Marktwert einer Immobilie?
q0287,gutachterkosten immobilienbewertung,9580eaI-AkE,https://www.youtube.com/watch?v=9580eaI-AkE&t=118,False,118.0,Haus bewerten: Brauchen Sie einen teuren Gutachter?
q0288,verkehrswert berechnen haus,IYFKgHc1nwI,https://www.youtube.com/watch?v=IYFKgHc1nwI,False,,Ganz einfach Immobilienwert berechnen ...
q0288,verkehrswert berechnen haus,gU7GFsBMVcE,https://www.youtube.com/watch?v=gU7GFsBMVcE,False,,3 Methoden: Immobilienwert ermitteln | Baufinanzierung leicht gemacht
q0288,verkehrswert berechnen haus,f-xvoOYB5zI,https://www.youtube.com/watch?v=f-xvoOYB5zI,False,,How to determine the value of a property
q0288,verkehrswert berechnen haus,NlYb0GbVA9Y,https://www.youtube.com/shorts/NlYb0GbVA9Y,True,,Wie wird der Verkehrswert einer Immobilie ermittelt? ...
q0290,grundstück und haus bewerten,4T2VvGrxics,https://www.youtube.com/watch?v=4T2VvGrxics&t=64,False,64.0,Immobilienbewertung: In 4 Schritten einfach erklärt
q0290,grundstück und haus bewerten,MxZvfCj6vP0,https://www.youtube.com/watch?v=MxZvfCj6vP0&t=203,False,203.0,Bewertung von Immobilen & Grundstücken
q0290,grundstück und haus bewerten,ugoB2ptHW9o,https://www.youtube.com/watch?v=ugoB2ptHW9o&t=31,False,31.0,So bestimmen Eigentümer den Immobilienwert richtig
q0290,grundstück und haus bewerten,zcog8OUvlhs,https://www.youtube.com/watch?v=zcog8OUvlhs&t=75,False,75.0,4 Bewertungs-Methoden für Immobilien - ein Überblick
q0295,verkehrswert wohnfläche ermitteln,gU7GFsBMVcE,https://www.youtube.com/watch?v=gU7GFsBMVcE,False,,3 Methoden: Immobilienwert ermitteln | Baufinanzierung leicht ...
q0295,verkehrswert wohnfläche ermitteln,NlYb0GbVA9Y,https://www.youtube.com/shorts/NlYb0GbVA9Y,True,,Wie wird der Verkehrswert einer Immobilie ermittelt? ...
q0296,wertgutachten einfamilienhaus,zQgPnnVetjs,https://www.youtube.com/watch?v=zQgPnnVetjs,False,,Das sollte man wissen! - Sachverständiger Matthias Mertens
q0296,wertgutachten einfamilienhaus,9580eaI-AkE,https://www.youtube.com/watch?v=9580eaI-AkE&t=118,False,118.0,Haus bewerten: Brauchen Sie einen teuren Gutachter?
q0298,kosten immobilienschätzung,9580eaI-AkE,https://www.youtube.com/watch?v=9580eaI-AkE&t=118,False,118.0,Haus bewerten: Brauchen Sie einen teuren Gutachter?
q0300,gebäude verkehrswert ermitteln,IYFKgHc1nwI,https://www.youtube.com/watch?v=IYFKgHc1nwI,False,,Ganz einfach Immobilienwert berechnen ...
q0300,gebäude verkehrswert ermitteln,gU7GFsBMVcE,https://www.youtube.com/watch?v=gU7GFsBMVcE,False,,3 Methoden: Immobilienwert ermitteln | Baufinanzierung leicht gemacht
q0300,gebäude verkehrswert ermitteln,f-xvoOYB5zI,https://www.youtube.com/watch?v=f-xvoOYB5zI,False,,How to determine the value of a property
q0300,gebäude verkehrswert ermitteln,NlYb0GbVA9Y,https://www.youtube.com/shorts/NlYb0GbVA9Y,True,,Wie wird der Verkehrswert einer Immobilie ermittelt? ...
q0301,ertragswert gewerbeimmobilie berechnen,uZIx2-RX7wU,https://www.youtube.com/watch?v=uZIx2-RX7wU,False,,Wie ermittelt man einen Ertragswert?
q0301,ertragswert gewerbeimmobilie berechnen,3HIrWTSoyu0,https://www.youtube.com/watch?v=3HIrWTSoyu0,False,,Immobilienbewertung: Ertragswertverfahren ...
q0305,kosten für immobiliengutachten,9580eaI-AkE,https://www.youtube.com/watch?v=9580eaI-AkE&t=118,False,118.0,Haus bewerten: Brauchen Sie einen teuren Gutachter?
q0306,eigentumswohnung bewertungsverfahren,Dh7wGNaSgnw,https://www.youtube.com/watch?v=Dh7wGNaSgnw&t=9,False,9.0,Die 4 häufigsten Fehler bei der Immobilienbewertung ...
q0306,eigentumswohnung bewertungsverfahren,lDqUowuQw5M,https://www.youtube.com/watch?v=lDqUowuQw5M,False,,So wird deine Immobilie bewertet (und so kann man sparen)
q0306,eigentumswohnung bewertungsverfahren,NlYb0GbVA9Y,https://www.youtube.com/shorts/NlYb0GbVA9Y,True,,Wie wird der Verkehrswert einer Immobilie ermittelt? ...
q0307,kosten für wertgutachten haus,9580eaI-AkE,https://www.youtube.com/watch?v=9580eaI-AkE&t=118,False,118.0,Haus bewerten: Brauchen Sie einen teuren Gutachter?
q0307,kosten für wertgutachten haus,TzVR5ww9eaM,https://www.youtube.com/watch?v=TzVR5ww9eaM&t=40,False,40.0,Haus verkaufen Kosten - Was kostet ein Energieausweis?
q0308,scheidung immobilienbewertung,yJTUZ2FyUm0,https://www.youtube.com/watch?v=yJTUZ2FyUm0&t=118,False,118.0,Immobilienbewertung bei Scheidung / Trennung (Zugewinnausgleich)
q0308,scheidung immobilienbewertung,JaUfgq5n-b0,https://www.youtube.com/watch?v=JaUfgq5n-b0&t=8,False,8.0,Immobilien und Scheidung - Wie wird der Zugewinn berechnet ?
q0308,scheidung immobilienbewertung,BaZwZuqhA5E,https://www.youtube.com/watch?v=BaZwZuqhA5E&t=23,False,23.0,How to evaluate the past (previous date) in the case of donations ...
q0310,ermittlung immobilienwert erbe,9cVihfikNMI,https://www.youtube.com/watch?v=9cVihfikNMI&t=37,False,37.0,Valuation of real estate for gift and inheritance tax since 2023
q0310,ermittlung immobilienwert erbe,Dh7wGNaSgnw,https://www.youtube.com/watch?v=Dh7wGNaSgnw&t=9,False,9.0,Die 4 häufigsten Fehler bei der Immobilienbewertung ...
q0312,wert vom haus schätzen lassen,9580eaI-AkE,https://www.youtube.com/watch?v=9580eaI-AkE&t=118,False,118.0,Haus bewerten: Brauchen Sie einen teuren Gutachter?
q0312,wert vom haus schätzen lassen,4T2VvGrxics,https://www.youtube.com/watch?v=4T2VvGrxics&t=33,False,33.0,Immobilienbewertung: In 4 Schritten einfach erklärt
q0312,wert vom haus schätzen lassen,gU7GFsBMVcE,https://www.youtube.com/watch?v=gU7GFsBMVcE&t=241,False,241.0,Immobilienwert ermitteln | Baufinanzierung leicht gemacht
q0313,immobilie bewerten schenkung,9cVihfikNMI,https://www.youtube.com/watch?v=9cVihfikNMI&t=37,False,37.0,Valuation of real estate for gift and inheritance tax since 2023
q0313,immobilie bewerten schenkung,k20NWUux7jQ,https://www.youtube.com/watch?v=k20NWUux7jQ&t=307,False,307.0,Immobilie schenken ohne Steuer - Nießbrauch richtig berechnen!
q0313,immobilie bewerten schenkung,lDqUowuQw5M,https://www.youtube.com/watch?v=lDqUowuQw5M,False,,So wird deine Immobilie bewertet (und so kann man sparen) | BMK Steuertalk
q0313,immobilie bewerten schenkung,hOLFlgjIY6Y,https://www.youtube.com/watch?v=hOLFlgjIY6Y&t=12,False,12.0,Immobilien übertragen: Wann gelten Vergleichswerte?
q0314,immobilienbewertung 2022,lDqUowuQw5M,https://www.youtube.com/watch?v=lDqUowuQw5M,False,,So wird deine Immobilie bewertet (und so kann man sparen)
q0314,immobilienbewertung 2022,9cVihfikNMI,https://www.youtube.com/watch?v=9cVihfikNMI&t=37,False,37.0,Valuation of real estate for gift and inheritance tax since 2023
q0314,immobilienbewertung 2022,LrbE5Wf92TI,https://www.youtube.com/watch?v=LrbE5Wf92TI&t=2,False,2.0,Immobilienwert ermitteln: Die 3 Verfahren & häufigsten ...
q0316,verkehrswert ermitteln wohnung,IYFKgHc1nwI,https://www.youtube.com/watch?v=IYFKgHc1nwI,False,,Ganz einfach Immobilienwert berechnen ...
q0316,verkehrswert ermitteln wohnung,NlYb0GbVA9Y,https://www.youtube.com/shorts/NlYb0GbVA9Y,True,,Wie wird der Verkehrswert einer Immobilie ermittelt? ...
q0316,verkehrswert ermitteln wohnung,gU7GFsBMVcE,https://www.youtube.com/watch?v=gU7GFsBMVcE,False,,3 Methoden: Immobilienwert ermitteln | Baufinanzierung leicht ...
q0316,verkehrswert ermitteln wohnung,Rptf4MMbBlM,https://www.youtube.com/watch?v=Rptf4MMbBlM&t=155,False,155.0,So bestimmst du den Wert deiner Immobilie | Baufi Basics
q0317,sachwertverfahren haus,eIYTOCeeuCI,https://www.youtube.com/watch?v=eIYTOCeeuCI&t=72,False,72.0,So sparst du mit einem Gutachten Geld | BMK Steuertalk
q0317,sachwertverfahren haus,X13VuSn2Qo4,https://www.youtube.com/watch?v=X13VuSn2Qo4,False,,Sachwertverfahren - Prüfungswissen Immobilienkaufleute
q0319,immobilienbewertung im internet,LrbE5Wf92TI,https://www.youtube.com/watch?v=LrbE5Wf92TI&t=2,False,2.0,Immobilienwert ermitteln: Die 3 Verfahren & häufigsten ...
q0319,immobilienbewertung im internet,Rptf4MMbBlM,https://www.youtube.com/watch?v=Rptf4MMbBlM&t=29,False,29.0,So bestimmst du den Wert deiner Immobilie | Baufi Basics
q0321,steuerliche immobilienbewertung,Dh7wGNaSgnw,https://www.youtube.com/watch?v=Dh7wGNaSgnw&t=9,False,9.0,Die 4 häufigsten Fehler bei der Immobilienbewertung ...
q0321,steuerliche immobilienbewertung,eIYTOCeeuCI,https://www.youtube.com/watch?v=eIYTOCeeuCI&t=72,False,72.0,So sparst du mit einem Gutachten Geld | BMK Steuertalk
q0321,steuerliche immobilienbewertung,hOLFlgjIY6Y,https://www.youtube.com/watch?v=hOLFlgjIY6Y,False,,Immobilien übertragen: Wann gelten Vergleichswerte?
q0324,haus bewerten erbe,-mXGCDQ12zY,https://www.youtube.com/watch?v=-mXGCDQ12zY&t=319,False,319.0,Pflichtteil: Immobilie im Nachlass. Wie wird der Wert ermittelt? Wer trägt die ...
q0324,haus bewerten erbe,Dh7wGNaSgnw,https://www.youtube.com/watch?v=Dh7wGNaSgnw&t=103,False,103.0,Die 4 häufigsten Fehler bei der Immobilienbewertung ...
q0324,haus bewerten erbe,9cVihfikNMI,https://www.youtube.com/watch?v=9cVihfikNMI&t=37,False,37.0,Bewertung von Immobilien für Schenkung- und Erbschaftssteuer
q0325,ertragswert gewerbeimmobilie,uZIx2-RX7wU,https://www.youtube.com/watch?v=uZIx2-RX7wU,False,,Wie ermittelt man einen Ertragswert?
q0325,ertragswert gewerbeimmobilie,3HIrWTSoyu0,https://www.youtube.com/watch?v=3HIrWTSoyu0,False,,Immobilienbewertung: Ertragswertverfahren ...
q0325,ertragswert gewerbeimmobilie,Twdq43IwErM,https://www.youtube.com/watch?v=Twdq43IwErM,False,,"Immobilienbewertung, Ertragswertverfahren ..."
q0326,kosten immobilienbewertung wertgutachten,9580eaI-AkE,https://www.youtube.com/watch?v=9580eaI-AkE&t=118,False,118.0,Haus bewerten: Brauchen Sie einen teuren Gutachter?
q0326,kosten immobilienbewertung wertgutachten,zQgPnnVetjs,https://www.youtube.com/watch?v=zQgPnnVetjs,False,,Das sollte man wissen! - Sachverständiger Matthias Mertens
q0327,öffentlich bestellter und vereidigter gutachter immobilien,D0f2d90EgnA,https://www.youtube.com/watch?v=D0f2d90EgnA&t=1,False,1.0,SIHK erklärt: Wie werde ich ein öffentlich bestellter und ...
q0327,öffentlich bestellter und vereidigter gutachter immobilien,39Jvw3IMwtA,https://www.youtube.com/watch?v=39Jvw3IMwtA&t=49,False,49.0,Öffentlich bestellte oder zertifizierte ...
q0327,öffentlich bestellter und vereidigter gutachter immobilien,Gqq1hkmXZ1w,https://www.youtube.com/watch?v=Gqq1hkmXZ1w,False,,Wirtschaft bewegt - Was macht ein öffentlich bestellter und ...
q0328,bank immobilienbewertung,OjlhAf-CGDA,https://www.youtube.com/watch?v=OjlhAf-CGDA,False,,Makler vs. Bank: Immobilienbewertung völlig unterschiedlich
q0328,bank immobilienbewertung,_3qL_AOv49A,https://www.youtube.com/shorts/_3qL_AOv49A,True,,Immobilienbewertung durch die Bank
q0328,bank immobilienbewertung,jGFp_tyajI4,https://www.youtube.com/watch?v=jGFp_tyajI4,False,,💸 Bank bewertet deine Immobilie zu niedrig? So kannst du ...
q0328,bank immobilienbewertung,Rptf4MMbBlM,https://www.youtube.com/watch?v=Rptf4MMbBlM&t=29,False,29.0,So bestimmst du den Wert deiner Immobilie | Baufi Basics
q0329,erbfall immobilienbewertung,9cVihfikNMI,https://www.youtube.com/watch?v=9cVihfikNMI&t=37,False,37.0,Valuation of real estate for gift and inheritance tax since 2023
q0329,erbfall immobilienbewertung,Dh7wGNaSgnw,https://www.youtube.com/watch?v=Dh7wGNaSgnw&t=9,False,9.0,Die 4 häufigsten Fehler bei der Immobilienbewertung ...
q0331,checkliste immobilienbewertung,nyaNPOHUXG0,https://www.youtube.com/watch?v=nyaNPOHUXG0&t=164,False,164.0,Wie bewertet man eine Immobilie? Die wichtigsten Schritte ...
q0331,checkliste immobilienbewertung,NFgSJWRNKa4,https://www.youtube.com/watch?v=NFgSJWRNKa4,False,,Der Weg zur professionellen Immobilienbewertung
q0332,wertgutachten haus scheidung kosten,yJTUZ2FyUm0,https://www.youtube.com/watch?v=yJTUZ2FyUm0&t=118,False,118.0,Immobilienbewertung bei Scheidung / Trennung (Zugewinnausgleich)
q0335,immobilien gutachten wertermittlung,NFgSJWRNKa4,https://www.youtube.com/watch?v=NFgSJWRNKa4,False,,Der Weg zur professionellen Immobilienbewertung
q0335,immobilien gutachten wertermittlung,zQgPnnVetjs,https://www.youtube.com/watch?v=zQgPnnVetjs,False,,Das sollte man wissen! - Sachverständiger Matthias Mertens
q0335,immobilien gutachten wertermittlung,9580eaI-AkE,https://www.youtube.com/watch?v=9580eaI-AkE&t=118,False,118.0,Haus bewerten: Brauchen Sie einen teuren Gutachter?
q0336,nachlass immobilie bewerten,L6TK5Y_PWfw,https://www.youtube.com/watch?v=L6TK5Y_PWfw,False,,Property valuation in inheritance tax: Proof of a lower value ...
q0336,nachlass immobilie bewerten,eIYTOCeeuCI,https://www.youtube.com/watch?v=eIYTOCeeuCI&t=26,False,26.0,So sparst du mit einem Gutachten Geld | BMK Steuertalk
q0336,nachlass immobilie bewerten,lDqUowuQw5M,https://www.youtube.com/watch?v=lDqUowuQw5M,False,,So wird deine Immobilie bewertet (und so kann man sparen)
q0336,nachlass immobilie bewerten,Dh7wGNaSgnw,https://www.youtube.com/watch?v=Dh7wGNaSgnw&t=9,False,9.0,Die 4 häufigsten Fehler bei der Immobilienbewertung ...
q0337,erbschaftsteuer gutachten immobilie,L6TK5Y_PWfw,https://www.youtube.com/watch?v=L6TK5Y_PWfw,False,,Property valuation in inheritance tax: Proof of a lower value by ...
q0337,erbschaftsteuer gutachten immobilie,eIYTOCeeuCI,https://www.youtube.com/watch?v=eIYTOCeeuCI&t=26,False,26.0,So sparst du mit einem Gutachten Geld | BMK Steuertalk
q0350,immobilienbewertung durch bank,_3qL_AOv49A,https://www.youtube.com/shorts/_3qL_AOv49A,True,,Immobilienbewertung durch die Bank
q0350,immobilienbewertung durch bank,jGFp_tyajI4,https://www.youtube.com/watch?v=jGFp_tyajI4,False,,💸 Bank bewertet deine Immobilie zu niedrig? So kannst du ...
q0350,immobilienbewertung durch bank,gU7GFsBMVcE,https://www.youtube.com/watch?v=gU7GFsBMVcE&t=276,False,276.0,Immobilienwert ermitteln | Baufinanzierung leicht gemacht
q0350,immobilienbewertung durch bank,BjAUmfNmdLo,https://www.youtube.com/watch?v=BjAUmfNmdLo,False,,This is how the bank calculates your property financing ...
q0350,immobilienbewertung durch bank,Kaw0-I--VK8,https://www.youtube.com/watch?v=Kaw0-I--VK8,False,,Beleihungswert: So berechnet die Bank den Wert Ihrer ...
q0355,immobilienwert ermitteln gutachter,9580eaI-AkE,https://www.youtube.com/watch?v=9580eaI-AkE&t=118,False,118.0,Haus bewerten: Brauchen Sie einen teuren Gutachter?
q0355,immobilienwert ermitteln gutachter,zQgPnnVetjs,https://www.youtube.com/watch?v=zQgPnnVetjs,False,,Das sollte man wissen! - Sachverständiger Matthias Mertens
q0355,immobilienwert ermitteln gutachter,JD_4Gt9nTGw,https://www.youtube.com/watch?v=JD_4Gt9nTGw,False,,So ermittelt ein Gutachter Immobilienwerte
q0355,immobilienwert ermitteln gutachter,LrbE5Wf92TI,https://www.youtube.com/watch?v=LrbE5Wf92TI&t=2,False,2.0,Immobilienwert ermitteln: Die 3 Verfahren & häufigsten ...
q0356,berechnung verkehrswert eigentumswohnung,NlYb0GbVA9Y,https://www.youtube.com/shorts/NlYb0GbVA9Y,True,,Wie wird der Verkehrswert einer Immobilie ermittelt? ...
q0356,berechnung verkehrswert eigentumswohnung,gU7GFsBMVcE,https://www.youtube.com/watch?v=gU7GFsBMVcE&t=75,False,75.0,3 Methoden: Immobilienwert ermitteln | Baufinanzierung leicht gemacht
q0356,berechnung verkehrswert eigentumswohnung,Rptf4MMbBlM,https://www.youtube.com/watch?v=Rptf4MMbBlM&t=155,False,155.0,So bestimmst du den Wert deiner Immobilie | Baufi Basics
q0359,immobilienbewertung erbfall,9cVihfikNMI,https://www.youtube.com/watch?v=9cVihfikNMI&t=37,False,37.0,Valuation of real estate for gift and inheritance tax since 2023
q0359,immobilienbewertung erbfall,Dh7wGNaSgnw,https://www.youtube.com/watch?v=Dh7wGNaSgnw&t=9,False,9.0,Die 4 häufigsten Fehler bei der Immobilienbewertung ...
q0360,bodenrichtwert immobilienbewertung,nt99kp-cy5o,https://www.youtube.com/watch?v=nt99kp-cy5o,False,,Was ist der Bodenrichtwert und wie wird ...
q0360,bodenrichtwert immobilienbewertung,Ym30Tl58PgI,https://www.youtube.com/shorts/Ym30Tl58PgI,True,,Was besagt der Bodenrichtwert? #immobilien
q0361,vereidigter gutachter immobilien kosten,9580eaI-AkE,https://www.youtube.com/watch?v=9580eaI-AkE&t=118,False,118.0,Haus bewerten: Brauchen Sie einen teuren Gutachter?
q0362,kosten für gutachten immobilienbewertung,9580eaI-AkE,https://www.youtube.com/watch?v=9580eaI-AkE&t=118,False,118.0,Haus bewerten: Brauchen Sie einen teuren Gutachter?
q0363,hausverkauf wertgutachten,9580eaI-AkE,https://www.youtube.com/watch?v=9580eaI-AkE&t=118,False,118.0,Haus bewerten: Brauchen Sie einen teuren Gutachter?
q0363,hausverkauf wertgutachten,f-3oFq3pynw,https://www.youtube.com/watch?v=f-3oFq3pynw&t=72,False,72.0,Immobilienbewertung einfach erklärt
q0363,hausverkauf wertgutachten,6QT4-ppTxgU,https://www.youtube.com/watch?v=6QT4-ppTxgU,False,,Hausverkauf: Immobilie richtig bewerten | BAUEN & WOHNEN
q0365,eigentumswohnung verkehrswert berechnen,NlYb0GbVA9Y,https://www.youtube.com/shorts/NlYb0GbVA9Y,True,,Wie wird der Verkehrswert einer Immobilie ermittelt? ...
q0365,eigentumswohnung verkehrswert berechnen,gU7GFsBMVcE,https://www.youtube.com/watch?v=gU7GFsBMVcE&t=75,False,75.0,3 Methoden: Immobilienwert ermitteln | Baufinanzierung leicht gemacht
q0365,eigentumswohnung verkehrswert berechnen,Rptf4MMbBlM,https://www.youtube.com/watch?v=Rptf4MMbBlM&t=155,False,155.0,So bestimmst du den Wert deiner Immobilie | Baufi Basics
q0370,automatisierte immobilienbewertung,Y8LsivXrDaQ,https://www.youtube.com/watch?v=Y8LsivXrDaQ,False,,So ersetzt KI die klassische Immobilienbewertung. Fast alle ...
q0370,automatisierte immobilienbewertung,kfY29d1ozvk,https://www.youtube.com/watch?v=kfY29d1ozvk,False,,KI Immobilienbewertung: Warum sie oft falsch liegt
q0374,ermittlung immobilienwert bei schenkung,9cVihfikNMI,https://www.youtube.com/watch?v=9cVihfikNMI&t=37,False,37.0,Valuation of real estate for gift and inheritance tax since 2023
q0374,ermittlung immobilienwert bei schenkung,k20NWUux7jQ,https://www.youtube.com/watch?v=k20NWUux7jQ&t=307,False,307.0,Immobilie schenken ohne Steuer - Nießbrauch richtig berechnen!
q0374,ermittlung immobilienwert bei schenkung,lDqUowuQw5M,https://www.youtube.com/watch?v=lDqUowuQw5M,False,,So wird deine Immobilie bewertet (und so kann man sparen) | BMK Steuertalk
q0374,ermittlung immobilienwert bei schenkung,hOLFlgjIY6Y,https://www.youtube.com/watch?v=hOLFlgjIY6Y&t=12,False,12.0,Immobilien übertragen: Wann gelten Vergleichswerte?
q0375,zertifizierter immobilienbewerter,HXBoT6ZnfWI,https://www.youtube.com/watch?v=HXBoT6ZnfWI&t=91,False,91.0,Wie werde ich Sachverständige:r für Immobilienbewertung?
q0375,zertifizierter immobilienbewerter,R9WZV2qL69o,https://www.youtube.com/watch?v=R9WZV2qL69o,False,,DEKRA Sachverständige für Immobilienbewertung mit ...
q0376,wieviel kostet ein immobiliengutachten,9580eaI-AkE,https://www.youtube.com/watch?v=9580eaI-AkE&t=118,False,118.0,Haus bewerten: Brauchen Sie einen teuren Gutachter?
q0377,gebäudebewertung sachwertverfahren,cpmFgHgAdvQ,https://www.youtube.com/watch?v=cpmFgHgAdvQ,False,,Das Sachwertverfahren für Immobilien kurz erklärt!
q0380,wertgutachten hausverkauf,9580eaI-AkE,https://www.youtube.com/watch?v=9580eaI-AkE&t=118,False,118.0,Haus bewerten: Brauchen Sie einen teuren Gutachter?
q0380,wertgutachten hausverkauf,f-3oFq3pynw,https://www.youtube.com/watch?v=f-3oFq3pynw&t=72,False,72.0,Immobilienbewertung einfach erklärt
q0380,wertgutachten hausverkauf,NFgSJWRNKa4,https://www.youtube.com/watch?v=NFgSJWRNKa4,False,,Der Weg zur professionellen Immobilienbewertung
q0383,hausbewertung scheidung,FEMa923kKFQ,https://www.youtube.com/watch?v=FEMa923kKFQ,False,,Trennung und Scheidung - Was tun mit der Immobilie?
q0385,ermittlung verkehrswert wohnung,zQgPnnVetjs,https://www.youtube.com/watch?v=zQgPnnVetjs,False,,Das sollte man wissen! - Sachverständiger Matthias Mertens
q0385,ermittlung verkehrswert wohnung,NlYb0GbVA9Y,https://www.youtube.com/shorts/NlYb0GbVA9Y,True,,Wie wird der Verkehrswert einer Immobilie ermittelt? ...
q0385,ermittlung verkehrswert wohnung,Rptf4MMbBlM,https://www.youtube.com/watch?v=Rptf4MMbBlM&t=155,False,155.0,So bestimmst du den Wert deiner Immobilie | Baufi Basics
q0388,meine immobilienbewertung,KiJuuonG1qI,https://www.youtube.com/watch?v=KiJuuonG1qI&t=25,False,25.0,Verkauf 🏠: Wie viel ist meine Immobilie wert? 💶
q0388,meine immobilienbewertung,Rptf4MMbBlM,https://www.youtube.com/watch?v=Rptf4MMbBlM&t=29,False,29.0,So bestimmst du den Wert deiner Immobilie | Baufi Basics
q0388,meine immobilienbewertung,LrbE5Wf92TI,https://www.youtube.com/watch?v=LrbE5Wf92TI&t=2,False,2.0,Immobilienwert ermitteln: Die 3 Verfahren & häufigsten ...
q0388,meine immobilienbewertung,BCoAKw1truA,https://www.youtube.com/shorts/BCoAKw1truA,True,,"Sie möchten wissen, was Ihre Immobilie wert ist?"
q0390,verkehrswertgutachten für immobilien,NlYb0GbVA9Y,https://www.youtube.com/shorts/NlYb0GbVA9Y,True,,Wie wird der Verkehrswert einer Immobilie ermittelt? ...
q0396,kosten gutachter hausschätzung,9580eaI-AkE,https://www.youtube.com/watch?v=9580eaI-AkE&t=118,False,118.0,Haus bewerten: Brauchen Sie einen teuren Gutachter?
q0397,immobilienbewertung nach ertragswertverfahren,uZIx2-RX7wU,https://www.youtube.com/watch?v=uZIx2-RX7wU,False,,Wie ermittelt man einen Ertragswert?
q0397,immobilienbewertung nach ertragswertverfahren,3HIrWTSoyu0,https://www.youtube.com/watch?v=3HIrWTSoyu0,False,,Immobilienbewertung ...
q0398,neue immobilienbewertung,-vnCfY_K3No,https://www.youtube.com/watch?v=-vnCfY_K3No,False,,Änderungen in der Verkehrswertermittlung von Immobilien ...
q0398,neue immobilienbewertung,LrbE5Wf92TI,https://www.youtube.com/watch?v=LrbE5Wf92TI&t=2,False,2.0,Immobilienwert ermitteln: Die 3 Verfahren & häufigsten ...
q0401,sachwertverfahren ertragswertverfahren,cpmFgHgAdvQ,https://www.youtube.com/watch?v=cpmFgHgAdvQ,False,,Das Sachwertverfahren für Immobilien kurz erklärt!
q0401,sachwertverfahren ertragswertverfahren,eIYTOCeeuCI,https://www.youtube.com/watch?v=eIYTOCeeuCI&t=72,False,72.0,So sparst du mit einem Gutachten Geld | BMK Steuertalk
q0401,sachwertverfahren ertragswertverfahren,DAz6qq-ap_I,https://www.youtube.com/watch?v=DAz6qq-ap_I&t=407,False,407.0,Die 4 Bewertungsmethoden für Immobilien kurz erklärt
q0401,sachwertverfahren ertragswertverfahren,WCbxP8HCf4Q,https://www.youtube.com/watch?v=WCbxP8HCf4Q&t=102,False,102.0,"Vergleichswertverfahren, Sachwertverfahren und ..."
q0408,gerichtsfestes verkehrswertgutachten,zQgPnnVetjs,https://www.youtube.com/watch?v=zQgPnnVetjs,False,,Das sollte man wissen! - Sachverständiger Matthias Mertens
q0410,preis immobiliengutachten,9580eaI-AkE,https://www.youtube.com/watch?v=9580eaI-AkE&t=118,False,118.0,🏡🧐 Haus bewerten: Brauchen Sie einen teuren Gutachter? 🏡🧐
q0411,immobilienbewertung für banken,gU7GFsBMVcE,https://www.youtube.com/watch?v=gU7GFsBMVcE&t=276,False,276.0,Immobilienwert ermitteln | Baufinanzierung leicht gemacht
q0412,verkehrswertgutachten kurzgutachten,zQgPnnVetjs,https://www.youtube.com/watch?v=zQgPnnVetjs,False,,Das sollte man wissen! - Sachverständiger Matthias Mertens
q0418,immobilienbewertung checkliste,4T2VvGrxics,https://www.youtube.com/watch?v=4T2VvGrxics&t=147,False,147.0,Immobilienbewertung: In 4 Schritten einfach erklärt
q0418,immobilienbewertung checkliste,NP-H2AdP0LA,https://www.youtube.com/watch?v=NP-H2AdP0LA&t=45,False,45.0,Top 5 Kriterien für gute Online Preisfindertools.
q0418,immobilienbewertung checkliste,nyaNPOHUXG0,https://www.youtube.com/watch?v=nyaNPOHUXG0&t=164,False,164.0,Wie bewertet man eine Immobilie? Die wichtigsten Schritte ...
q0418,immobilienbewertung checkliste,NFgSJWRNKa4,https://www.youtube.com/watch?v=NFgSJWRNKa4,False,,Der Weg zur professionellen Immobilienbewertung
q0420,ertragswertverfahren immobilienbewertung,uZIx2-RX7wU,https://www.youtube.com/watch?v=uZIx2-RX7wU,False,,Wie ermittelt man einen Ertragswert?
q0420,ertragswertverfahren immobilienbewertung,3HIrWTSoyu0,https://www.youtube.com/watch?v=3HIrWTSoyu0,False,,Immobilienbewertung ...
q0421,immobilienbewertung ertragswert,WPGksH5pEiI,https://www.youtube.com/watch?v=WPGksH5pEiI&t=12,False,12.0,Das Ertragswertverfahren für Immobilien kurz erklärt!
q0421,immobilienbewertung ertragswert,uZIx2-RX7wU,https://www.youtube.com/watch?v=uZIx2-RX7wU,False,,Wie ermittelt man einen Ertragswert?
q0421,immobilienbewertung ertragswert,lDqUowuQw5M,https://www.youtube.com/watch?v=lDqUowuQw5M,False,,Erbschaftsteuer: So wird deine Immobilie bewertet (und so kann ...
q0422,gutachten haus erbschaft,eIYTOCeeuCI,https://www.youtube.com/watch?v=eIYTOCeeuCI&t=422,False,422.0,So sparst du mit einem Gutachten Geld | BMK Steuertalk
q0425,basiszinssatz immobilienbewertung,0DgvdMidyMU,https://www.youtube.com/watch?v=0DgvdMidyMU&t=23,False,23.0,Der Liegenschaftszinssatz in der Immobilienbewertung
q0427,baupreisindex immobilienbewertung,mT6FusdgRec,https://www.youtube.com/watch?v=mT6FusdgRec&t=1,False,1.0,So funktioniert die Anpassung der NHK 2010 gem. ...
q0428,berechnung verkehrswert eines hauses,IYFKgHc1nwI,https://www.youtube.com/watch?v=IYFKgHc1nwI,False,,Ganz einfach Immobilienwert berechnen ...
q0428,berechnung verkehrswert eines hauses,gU7GFsBMVcE,https://www.youtube.com/watch?v=gU7GFsBMVcE,False,,3 Methoden: Immobilienwert ermitteln | Baufinanzierung leicht gemacht
q0428,berechnung verkehrswert eines hauses,f-xvoOYB5zI,https://www.youtube.com/watch?v=f-xvoOYB5zI,False,,How to determine the value of a property
q0428,berechnung verkehrswert eines hauses,NlYb0GbVA9Y,https://www.youtube.com/shorts/NlYb0GbVA9Y,True,,Wie wird der Verkehrswert einer Immobilie ermittelt? ...
q0429,berechnung verkehrswert gebäude,IYFKgHc1nwI,https://www.youtube.com/watch?v=IYFKgHc1nwI,False,,Ganz einfach Immobilienwert berechnen ...
q0429,berechnung verkehrswert gebäude,gU7GFsBMVcE,https://www.youtube.com/watch?v=gU7GFsBMVcE,False,,3 Methoden: Immobilienwert ermitteln | Baufinanzierung leicht gemacht
q0429,berechnung verkehrswert gebäude,f-xvoOYB5zI,https://www.youtube.com/watch?v=f-xvoOYB5zI,False,,How to determine the value of a property
q0429,berechnung verkehrswert gebäude,NlYb0GbVA9Y,https://www.youtube.com/shorts/NlYb0GbVA9Y,True,,Wie wird der Verkehrswert einer Immobilie ermittelt? ...
q0431,bewertungsgesetz immobilienbewertung,lDqUowuQw5M,https://www.youtube.com/watch?v=lDqUowuQw5M,False,,So wird deine Immobilie bewertet (und so kann man sparen) | BMK Steuertalk
q0431,bewertungsgesetz immobilienbewertung,FnLsjjGd-S8,https://www.youtube.com/watch?v=FnLsjjGd-S8,False,,Bewertung von Einfamilienhaus / Zweifamilienhaus
q0431,bewertungsgesetz immobilienbewertung,hOLFlgjIY6Y,https://www.youtube.com/watch?v=hOLFlgjIY6Y&t=12,False,12.0,Immobilien übertragen: Wann gelten Vergleichswerte?
q0432,bewertungsverfahren immobilie,Dh7wGNaSgnw,https://www.youtube.com/watch?v=Dh7wGNaSgnw&t=9,False,9.0,Die 4 häufigsten Fehler bei der Immobilienbewertung ...
q0435,checkliste hausbewertung,4T2VvGrxics,https://www.youtube.com/watch?v=4T2VvGrxics&t=147,False,147.0,Immobilienbewertung: In 4 Schritten einfach erklärt
q0435,checkliste hausbewertung,NP-H2AdP0LA,https://www.youtube.com/watch?v=NP-H2AdP0LA&t=45,False,45.0,Top 5 Kriterien für gute Online Preisfindertools.
q0435,checkliste hausbewertung,nyaNPOHUXG0,https://www.youtube.com/watch?v=nyaNPOHUXG0&t=205,False,205.0,Wie bewertet man eine Immobilie? Die wichtigsten Schritte ...
q0435,checkliste hausbewertung,NFgSJWRNKa4,https://www.youtube.com/watch?v=NFgSJWRNKa4,False,,Der Weg zur professionellen Immobilienbewertung
q0437,die immobilienbewertung,LrbE5Wf92TI,https://www.youtube.com/watch?v=LrbE5Wf92TI&t=2,False,2.0,Immobilienwert ermitteln: Die 3 Verfahren & häufigsten ...
q0437,die immobilienbewertung,f-3oFq3pynw,https://www.youtube.com/watch?v=f-3oFq3pynw&t=72,False,72.0,Immobilienbewertung einfach erklärt
q0439,digitalisierung immobilienbewertung,kfY29d1ozvk,https://www.youtube.com/watch?v=kfY29d1ozvk,False,,KI Immobilienbewertung: Warum sie oft falsch liegt
q0439,digitalisierung immobilienbewertung,Y8LsivXrDaQ,https://www.youtube.com/watch?v=Y8LsivXrDaQ,False,,So ersetzt KI die klassische Immobilienbewertung. Fast alle ...
q0442,erbrecht immobilienbewertung,9cVihfikNMI,https://www.youtube.com/watch?v=9cVihfikNMI&t=37,False,37.0,Valuation of real estate for gift and inheritance tax since 2023
q0442,erbrecht immobilienbewertung,Dh7wGNaSgnw,https://www.youtube.com/watch?v=Dh7wGNaSgnw&t=9,False,9.0,Die 4 häufigsten Fehler bei der Immobilienbewertung ...
q0443,erbschaft immobilie bewerten,9cVihfikNMI,https://www.youtube.com/watch?v=9cVihfikNMI&t=37,False,37.0,Valuation of real estate for gift and inheritance tax since 2023
q0443,erbschaft immobilie bewerten,Dh7wGNaSgnw,https://www.youtube.com/watch?v=Dh7wGNaSgnw&t=9,False,9.0,Die 4 häufigsten Fehler bei der Immobilienbewertung ...
q0444,ermittlung immobilienwert im erbfall,9cVihfikNMI,https://www.youtube.com/watch?v=9cVihfikNMI&t=37,False,37.0,Valuation of real estate for gift and inheritance tax since 2023
q0444,ermittlung immobilienwert im erbfall,Dh7wGNaSgnw,https://www.youtube.com/watch?v=Dh7wGNaSgnw&t=9,False,9.0,Die 4 häufigsten Fehler bei der Immobilienbewertung ...
q0445,ermittlung verkehrswert gebäude,IYFKgHc1nwI,https://www.youtube.com/watch?v=IYFKgHc1nwI,False,,Ganz einfach Immobilienwert berechnen ...
q0445,ermittlung verkehrswert gebäude,gU7GFsBMVcE,https://www.youtube.com/watch?v=gU7GFsBMVcE,False,,3 Methoden: Immobilienwert ermitteln | Baufinanzierung leicht gemacht
q0445,ermittlung verkehrswert gebäude,f-xvoOYB5zI,https://www.youtube.com/watch?v=f-xvoOYB5zI,False,,How to determine the value of a property
q0445,ermittlung verkehrswert gebäude,NlYb0GbVA9Y,https://www.youtube.com/shorts/NlYb0GbVA9Y,True,,Wie wird der Verkehrswert einer Immobilie ermittelt? ...
q0446,ertragswert mehrfamilienhaus,uZIx2-RX7wU,https://www.youtube.com/watch?v=uZIx2-RX7wU,False,,Wie ermittelt man einen Ertragswert?
q0452,gutachten immobilienbewertung kosten,9580eaI-AkE,https://www.youtube.com/watch?v=9580eaI-AkE&t=118,False,118.0,Haus bewerten: Brauchen Sie einen teuren Gutachter?
q0453,gutachten immobilienwert kosten,9580eaI-AkE,https://www.youtube.com/watch?v=9580eaI-AkE&t=118,False,118.0,Haus bewerten: Brauchen Sie einen teuren Gutachter?
q0453,gutachten immobilienwert kosten,Dh7wGNaSgnw,https://www.youtube.com/watch?v=Dh7wGNaSgnw&t=103,False,103.0,Die 4 häufigsten Fehler bei der Immobilienbewertung ...
q0455,gutachter haus bewerten,9580eaI-AkE,https://www.youtube.com/watch?v=9580eaI-AkE&t=118,False,118.0,Haus bewerten: Brauchen Sie einen teuren Gutachter?
q0455,gutachter haus bewerten,JD_4Gt9nTGw,https://www.youtube.com/watch?v=JD_4Gt9nTGw,False,,So ermittelt ein Gutachter Immobilienwerte
q0456,gutachterausschuss immobilienbewertung,FZSSbs9g2Xc,https://www.youtube.com/watch?v=FZSSbs9g2Xc&t=42,False,42.0,Was ist der Gutachterausschuss für Grundstückswerte?
q0456,gutachterausschuss immobilienbewertung,Tl9Jpcl4a_0,https://www.youtube.com/watch?v=Tl9Jpcl4a_0&t=5,False,5.0,Was bedeutet Gutachterausschuss? Einfach erklärt ...
q0456,gutachterausschuss immobilienbewertung,lzkXP27J_hU,https://www.youtube.com/shorts/lzkXP27J_hU,True,,Was ist der Gutachterausschuss für Grundstückswerte ...
q0456,gutachterausschuss immobilienbewertung,Dh7wGNaSgnw,https://www.youtube.com/watch?v=Dh7wGNaSgnw&t=103,False,103.0,Die 4 häufigsten Fehler bei der Immobilienbewertung ...
q0460,hausschätzung scheidung,JaUfgq5n-b0,https://www.youtube.com/watch?v=JaUfgq5n-b0&t=8,False,8.0,Immobilien und Scheidung - Wie wird der Zugewinn ...
q0465,immobilien verkehrswertgutachten kosten,9580eaI-AkE,https://www.youtube.com/watch?v=9580eaI-AkE&t=118,False,118.0,Haus bewerten: Brauchen Sie einen teuren Gutachter?
q0467,immobilienbewertung denkmalschutz,FzKvIKxjgqw,https://www.youtube.com/watch?v=FzKvIKxjgqw,False,,FAQ Restnutzungsdauer Teil 7/12
q0467,immobilienbewertung denkmalschutz,D30NAB6dYco,https://www.youtube.com/watch?v=D30NAB6dYco,False,,Abschreibung von Immobilien unter Denkmalschutz
q0467,immobilienbewertung denkmalschutz,bu63lKZjqOU,https://www.youtube.com/watch?v=bu63lKZjqOU,False,,Denkmalgeschützte Immobilien: Rechte und Pflichten beim ...
q0470,immobilienbewertung erbschaftsteuer verkehrswert,Dh7wGNaSgnw,https://www.youtube.com/watch?v=Dh7wGNaSgnw&t=103,False,103.0,Die 4 häufigsten Fehler bei der Immobilienbewertung ...
q0470,immobilienbewertung erbschaftsteuer verkehrswert,lDqUowuQw5M,https://www.youtube.com/watch?v=lDqUowuQw5M,False,,So wird deine Immobilie bewertet (und so kann man sparen)
q0470,immobilienbewertung erbschaftsteuer verkehrswert,eIYTOCeeuCI,https://www.youtube.com/watch?v=eIYTOCeeuCI&t=26,False,26.0,So sparst du mit einem Gutachten Geld | BMK Steuertalk
q0472,immobilienbewertung für unbebaute grundstücke und,lDqUowuQw5M,https://www.youtube.com/watch?v=lDqUowuQw5M&t=180,False,180.0,So wird deine Immobilie bewertet (und so kann man sparen)
q0478,immobilienbewertung preise,LrbE5Wf92TI,https://www.youtube.com/watch?v=LrbE5Wf92TI&t=2,False,2.0,Immobilienwert ermitteln: Die 3 Verfahren & häufigsten ...
q0485,immobiliengutachten erbe,lDqUowuQw5M,https://www.youtube.com/watch?v=lDqUowuQw5M,False,,So wird deine Immobilie bewertet (und so kann man sparen) | BMK Steuertalk
q0485,immobiliengutachten erbe,eIYTOCeeuCI,https://www.youtube.com/watch?v=eIYTOCeeuCI&t=26,False,26.0,So sparst du mit einem Gutachten Geld | BMK Steuertalk
q0485,immobiliengutachten erbe,L6TK5Y_PWfw,https://www.youtube.com/watch?v=L6TK5Y_PWfw,False,,Property valuation in inheritance tax: Proof of a lower value by an expert.
q0486,immobiliengutachten scheidung,yJTUZ2FyUm0,https://www.youtube.com/watch?v=yJTUZ2FyUm0&t=118,False,118.0,Immobilienbewertung bei Scheidung / Trennung ...
q0486,immobiliengutachten scheidung,JaUfgq5n-b0,https://www.youtube.com/watch?v=JaUfgq5n-b0&t=8,False,8.0,Immobilien und Scheidung - Wie wird der Zugewinn berechnet ?
q0486,immobiliengutachten scheidung,wZLcjquojpk,https://www.youtube.com/watch?v=wZLcjquojpk&t=122,False,122.0,Immobilien – Trennung und Scheidung [ Immobilien Tipps 2021]
q0486,immobiliengutachten scheidung,hGKlZU91ZZs,https://www.youtube.com/watch?v=hGKlZU91ZZs,False,,Was tun mit den Immobilien bei Trennung & Scheidung?
q0501,internationale immobilienbewertung,UjsEIjQr8v4,https://www.youtube.com/watch?v=UjsEIjQr8v4&t=1,False,1.0,von einer nach DIN EN ISO/IEC 17024 akkreditierten Stelle zertifizierte ...
q0503,kosten für gutachter immobilien,9580eaI-AkE,https://www.youtube.com/watch?v=9580eaI-AkE&t=118,False,118.0,Haus bewerten: Brauchen Sie einen teuren Gutachter?
q0503,kosten für gutachter immobilien,zQgPnnVetjs,https://www.youtube.com/watch?v=zQgPnnVetjs&t=242,False,242.0,Das sollte man wissen! - Sachverständiger Matthias Mertens
q0503,kosten für gutachter immobilien,WMpK_R_iAKM,https://www.youtube.com/watch?v=WMpK_R_iAKM,False,,Was kostet ein Baugutachter
q0504,kosten gutachten immobilienbewertung,9580eaI-AkE,https://www.youtube.com/watch?v=9580eaI-AkE&t=118,False,118.0,Haus bewerten: Brauchen Sie einen teuren Gutachter?
q0504,kosten gutachten immobilienbewertung,zQgPnnVetjs,https://www.youtube.com/watch?v=zQgPnnVetjs,False,,Verkehrswertgutachten für Immobilien - Das sollte man wissen ...
q0504,kosten gutachten immobilienbewertung,LrbE5Wf92TI,https://www.youtube.com/watch?v=LrbE5Wf92TI&t=2,False,2.0,Immobilienwert ermitteln: Die 3 Verfahren & häufigsten Fehler ...
q0505,kosten immobiliengutachten einfamilienhaus,9580eaI-AkE,https://www.youtube.com/watch?v=9580eaI-AkE&t=118,False,118.0,Haus bewerten: Brauchen Sie einen teuren Gutachter?
q0508,ortsgericht immobilienbewertung,zQgPnnVetjs,https://www.youtube.com/watch?v=zQgPnnVetjs&t=242,False,242.0,Das sollte man wissen! - Sachverständiger Matthias Mertens
q0509,preise für immobiliengutachten,9580eaI-AkE,https://www.youtube.com/watch?v=9580eaI-AkE&t=118,False,118.0,Haus bewerten: Brauchen Sie einen teuren Gutachter?
q0513,sachwertverfahren ertragswertverfahren vergleichswertverfahren,ij61A4FqEXg,https://www.youtube.com/watch?v=ij61A4FqEXg&t=107,False,107.0,📉🏡📈 Valuing real estate: asset value vs. income approach 📈🏡📉
q0513,sachwertverfahren ertragswertverfahren vergleichswertverfahren,DAz6qq-ap_I,https://www.youtube.com/watch?v=DAz6qq-ap_I&t=407,False,407.0,Die 4 Bewertungsmethoden für Immobilien kurz erklärt
q0513,sachwertverfahren ertragswertverfahren vergleichswertverfahren,3QePBVQzfGU,https://www.youtube.com/watch?v=3QePBVQzfGU&t=205,False,205.0,Prüfungswissen Immobilienwirtschaft - Wertermittlung
q0513,sachwertverfahren ertragswertverfahren vergleichswertverfahren,NlYb0GbVA9Y,https://www.youtube.com/shorts/NlYb0GbVA9Y,True,,Wie wird der Verkehrswert einer Immobilie ermittelt? ...
q0514,sachwertverfahren immobilienbewertung,X13VuSn2Qo4,https://www.youtube.com/watch?v=X13VuSn2Qo4,False,,Sachwertverfahren - Prüfungswissen Immobilienkaufleute
q0515,sachwertverfahren oder ertragswertverfahren,cpmFgHgAdvQ,https://www.youtube.com/watch?v=cpmFgHgAdvQ,False,,Das Sachwertverfahren für Immobilien kurz erklärt!
q0515,sachwertverfahren oder ertragswertverfahren,eIYTOCeeuCI,https://www.youtube.com/watch?v=eIYTOCeeuCI&t=72,False,72.0,So sparst du mit einem Gutachten Geld | BMK Steuertalk
q0515,sachwertverfahren oder ertragswertverfahren,DAz6qq-ap_I,https://www.youtube.com/watch?v=DAz6qq-ap_I&t=407,False,407.0,Die 4 Bewertungsmethoden für Immobilien kurz erklärt
q0515,sachwertverfahren oder ertragswertverfahren,WCbxP8HCf4Q,https://www.youtube.com/watch?v=WCbxP8HCf4Q&t=102,False,102.0,"Vergleichswertverfahren, Sachwertverfahren und ..."
q0516,sachwertverfahren vergleichswertverfahren,eIYTOCeeuCI,https://www.youtube.com/watch?v=eIYTOCeeuCI&t=72,False,72.0,So sparst du mit einem Gutachten Geld | BMK Steuertalk
q0516,sachwertverfahren vergleichswertverfahren,DAz6qq-ap_I,https://www.youtube.com/watch?v=DAz6qq-ap_I&t=407,False,407.0,Die 4 Bewertungsmethoden für Immobilien kurz erklärt
q0517,scheidung haus gutachten,JaUfgq5n-b0,https://www.youtube.com/watch?v=JaUfgq5n-b0,False,,Immobilien und Scheidung - Wie wird der Zugewinn berechnet ?
q0517,scheidung haus gutachten,BaZwZuqhA5E,https://www.youtube.com/watch?v=BaZwZuqhA5E&t=23,False,23.0,How to evaluate the past (previous date) in the case of donations ...
q0518,schiedsgutachten immobilie scheidung,wZLcjquojpk,https://www.youtube.com/watch?v=wZLcjquojpk&t=122,False,122.0,Trennung und Scheidung [ Immobilien Tipps 2021]
q0518,schiedsgutachten immobilie scheidung,JaUfgq5n-b0,https://www.youtube.com/watch?v=JaUfgq5n-b0&t=8,False,8.0,Immobilien und Scheidung - Wie wird der Zugewinn ...
q0518,schiedsgutachten immobilie scheidung,yJTUZ2FyUm0,https://www.youtube.com/watch?v=yJTUZ2FyUm0&t=10,False,10.0,Immobilienbewertung bei Scheidung / Trennung ...
q0519,startup immobilienbewertung,Y8LsivXrDaQ,https://www.youtube.com/watch?v=Y8LsivXrDaQ,False,,So ersetzt KI die klassische Immobilienbewertung. Fast alle ...
q0519,startup immobilienbewertung,_KIwlB5v4k0,https://www.youtube.com/watch?v=_KIwlB5v4k0,False,,PriceHubble erklärt: Automatische Immobilienbewertung & ...
q0519,startup immobilienbewertung,8tSENODUflk,https://www.youtube.com/watch?v=8tSENODUflk,False,,PriceHubble: Immobilienbewertung Schritt für Schritt [Tutorial]
q0523,verfahrenswahl immobilienbewertung,zcog8OUvlhs,https://www.youtube.com/watch?v=zcog8OUvlhs&t=75,False,75.0,4 Bewertungs-Methoden für Immobilien - ein Überblick
q0523,verfahrenswahl immobilienbewertung,m8f0Gxi9vhw,https://www.youtube.com/watch?v=m8f0Gxi9vhw&t=8,False,8.0,Einführung in die Immobilienbewertung
q0523,verfahrenswahl immobilienbewertung,DAz6qq-ap_I,https://www.youtube.com/watch?v=DAz6qq-ap_I&t=407,False,407.0,Die 4 Bewertungsmethoden für Immobilien kurz erklärt
q0524,vergleichswertverfahren einfamilienhaus,FnLsjjGd-S8,https://www.youtube.com/watch?v=FnLsjjGd-S8,False,,Bewertung von Einfamilienhaus / Zweifamilienhaus
q0524,vergleichswertverfahren einfamilienhaus,hOLFlgjIY6Y,https://www.youtube.com/watch?v=hOLFlgjIY6Y&t=12,False,12.0,Immobilien übertragen: Wann gelten Vergleichswerte?
q0525,vergleichswertverfahren ertragswertverfahren oder sachwertverfahren,ij61A4FqEXg,https://www.youtube.com/watch?v=ij61A4FqEXg&t=107,False,107.0,📉🏡📈 Valuing real estate: asset value vs. income approach 📈🏡📉
q0525,vergleichswertverfahren ertragswertverfahren oder sachwertverfahren,DAz6qq-ap_I,https://www.youtube.com/watch?v=DAz6qq-ap_I&t=407,False,407.0,Die 4 Bewertungsmethoden für Immobilien kurz erklärt
q0525,vergleichswertverfahren ertragswertverfahren oder sachwertverfahren,3QePBVQzfGU,https://www.youtube.com/watch?v=3QePBVQzfGU&t=205,False,205.0,Prüfungswissen Immobilienwirtschaft - Wertermittlung
q0525,vergleichswertverfahren ertragswertverfahren oder sachwertverfahren,NlYb0GbVA9Y,https://www.youtube.com/shorts/NlYb0GbVA9Y,True,,Wie wird der Verkehrswert einer Immobilie ermittelt? ...
q0526,vergleichswertverfahren oder sachwertverfahren,eIYTOCeeuCI,https://www.youtube.com/watch?v=eIYTOCeeuCI&t=72,False,72.0,So sparst du mit einem Gutachten Geld | BMK Steuertalk
q0526,vergleichswertverfahren oder sachwertverfahren,DAz6qq-ap_I,https://www.youtube.com/watch?v=DAz6qq-ap_I&t=407,False,407.0,Die 4 Bewertungsmethoden für Immobilien kurz erklärt
q0527,vergleichswertverfahren sachwertverfahren ertragswertverfahren,ij61A4FqEXg,https://www.youtube.com/watch?v=ij61A4FqEXg&t=107,False,107.0,📉🏡📈 Valuing real estate: asset value vs. income approach 📈🏡📉
q0527,vergleichswertverfahren sachwertverfahren ertragswertverfahren,DAz6qq-ap_I,https://www.youtube.com/watch?v=DAz6qq-ap_I&t=407,False,407.0,Die 4 Bewertungsmethoden für Immobilien kurz erklärt
q0527,vergleichswertverfahren sachwertverfahren ertragswertverfahren,3QePBVQzfGU,https://www.youtube.com/watch?v=3QePBVQzfGU&t=205,False,205.0,Prüfungswissen Immobilienwirtschaft - Wertermittlung
q0527,vergleichswertverfahren sachwertverfahren ertragswertverfahren,NlYb0GbVA9Y,https://www.youtube.com/shorts/NlYb0GbVA9Y,True,,Wie wird der Verkehrswert einer Immobilie ermittelt? ...
q0528,verkehrswert haus ermitteln kosten,XVJbxVWXt8k,https://www.youtube.com/watch?v=XVJbxVWXt8k&t=76,False,76.0,Kostenfreier Immobilienwert-Rechner OHNE Angabe ...
q0529,verkehrswertgutachten bei scheidung,yJTUZ2FyUm0,https://www.youtube.com/watch?v=yJTUZ2FyUm0&t=118,False,118.0,Immobilienbewertung bei Scheidung / Trennung ...
q0529,verkehrswertgutachten bei scheidung,JaUfgq5n-b0,https://www.youtube.com/watch?v=JaUfgq5n-b0&t=8,False,8.0,Immobilien und Scheidung - Wie wird der Zugewinn ...
q0530,verkehrswertgutachten eigentumswohnung,zQgPnnVetjs,https://www.youtube.com/watch?v=zQgPnnVetjs,False,,Das sollte man wissen! - Sachverständiger Matthias Mertens
q0530,verkehrswertgutachten eigentumswohnung,NlYb0GbVA9Y,https://www.youtube.com/shorts/NlYb0GbVA9Y,True,,Wie wird der Verkehrswert einer Immobilie ermittelt? ...
q0531,verkehrswertgutachten nach 194 baugb,zQgPnnVetjs,https://www.youtube.com/watch?v=zQgPnnVetjs&t=242,False,242.0,Das sollte man wissen! - Sachverständiger Matthias Mertens
q0532,verkehrswertgutachten verkaufspreis,GovipZeN7fY,https://www.youtube.com/watch?v=GovipZeN7fY&t=9,False,9.0,Immobilienwert ermitteln - Was ist eine Immobilie wert?
q0532,verkehrswertgutachten verkaufspreis,vKqZC7WW4wM,https://www.youtube.com/watch?v=vKqZC7WW4wM,False,,Was ist ein Verkehrswert? Was ist der Marktwert ...
q0534,wertgutachten haus grundstück,lDqUowuQw5M,https://www.youtube.com/watch?v=lDqUowuQw5M&t=180,False,180.0,So wird deine Immobilie bewertet (und so kann man sparen)
q0534,wertgutachten haus grundstück,ugoB2ptHW9o,https://www.youtube.com/watch?v=ugoB2ptHW9o&t=133,False,133.0,So bestimmen Eigentümer den Immobilienwert richtig
q0534,wertgutachten haus grundstück,9RBfh45ZPX4,https://www.youtube.com/watch?v=9RBfh45ZPX4&t=19,False,19.0,So wehrst du dich gegen zu hohe Werte vom Finanzamt
q0535,ö buv sachverständige immobilienbewertung,39Jvw3IMwtA,https://www.youtube.com/watch?v=39Jvw3IMwtA&t=49,False,49.0,Öffentlich bestellte oder zertifizierte ...
q0535,ö buv sachverständige immobilienbewertung,D0f2d90EgnA,https://www.youtube.com/watch?v=D0f2d90EgnA&t=1,False,1.0,SIHK erklärt: Wie werde ich ein öffentlich bestellter und ...
q0536,öffentlich bestellte und vereidigte sachverständige immobilien,D0f2d90EgnA,https://www.youtube.com/watch?v=D0f2d90EgnA&t=1,False,1.0,SIHK erklärt: Wie werde ich ein öffentlich bestellter und ...
q0536,öffentlich bestellte und vereidigte sachverständige immobilien,39Jvw3IMwtA,https://www.youtube.com/watch?v=39Jvw3IMwtA&t=49,False,49.0,Öffentlich bestellte oder zertifizierte ...
q0536,öffentlich bestellte und vereidigte sachverständige immobilien,Gqq1hkmXZ1w,https://www.youtube.com/watch?v=Gqq1hkmXZ1w,False,,Wirtschaft bewegt - Was macht ein öffentlich bestellter und ...
